DUMMY_TILE_0,R0C0,#FFFFFF
DUMMY_TILE_8,R0C1,#FFFFFF
DUMMY_TILE_1,R0C2,#FFFFFF
BANKREF0,R0C3,#888888
PIOT0,R0C4,#88FF88
PIOT1,R0C5,#88FF88
PIOT0,R0C6,#88FF88
PIOT1,R0C7,#88FF88
DUMMY_TILE_8,R0C8,#FFFFFF
PIOT0,R0C9,#88FF88
PIOT1,R0C10,#88FF88
PIOT0,R0C11,#88FF88
PIOT1,R0C12,#88FF88
PIOT0,R0C13,#88FF88
DUMMY_TILE_A,R0C13,#FFFFFF
PIOT1,R0C14,#88FF88
PIOT0,R0C15,#88FF88
PIOT1,R0C16,#88FF88
DUMMY_TILE_8,R0C17,#FFFFFF
PIOT0,R0C18,#88FF88
PIOT1,R0C19,#88FF88
PIOT0,R0C20,#88FF88
PIOT1,R0C21,#88FF88
PIOT0,R0C22,#88FF88
PIOT1,R0C23,#88FF88
PIOT0,R0C24,#88FF88
PIOT1,R0C25,#88FF88
DUMMY_TILE_8,R0C26,#FFFFFF
PIOT0,R0C27,#88FF88
PIOT1,R0C28,#88FF88
PIOT0,R0C29,#88FF88
PIOT1,R0C30,#88FF88
PIOT0,R0C31,#88FF88
DUMMY_TILE_A,R0C31,#FFFFFF
PIOT1,R0C32,#88FF88
PIOT0,R0C33,#88FF88
PIOT1,R0C34,#88FF88
DUMMY_TILE_8,R0C35,#FFFFFF
PIOT0,R0C36,#88FF88
PIOT1,R0C37,#88FF88
PIOT0,R0C38,#88FF88
PIOT1,R0C39,#88FF88
PIOT0,R0C40,#88FF88
PIOT1,R0C41,#88FF88
PIOT0,R0C42,#88FF88
PIOT1,R0C43,#88FF88
DUMMY_TILE_8,R0C44,#FFFFFF
PIOT0,R0C45,#88FF88
PIOT1,R0C46,#88FF88
PIOT0,R0C47,#88FF88
PIOT1,R0C48,#88FF88
PIOT0,R0C49,#88FF88
PIOT1,R0C50,#88FF88
PIOT0,R0C51,#88FF88
PIOT1,R0C52,#88FF88
DUMMY_TILE_8,R0C53,#FFFFFF
PIOT0,R0C54,#88FF88
PIOT1,R0C55,#88FF88
PIOT0,R0C56,#88FF88
PIOT1,R0C57,#88FF88
PIOT0,R0C58,#88FF88
DUMMY_TILE_A,R0C58,#FFFFFF
PIOT1,R0C59,#88FF88
PIOT0,R0C60,#88FF88
PIOT1,R0C61,#88FF88
DUMMY_TILE_8,R0C62,#FFFFFF
PIOT0,R0C63,#88FF88
PIOT1,R0C64,#88FF88
PIOT0,R0C65,#88FF88
PIOT1,R0C66,#88FF88
TMID_0,R0C67,#888888
TMID_1,R0C68,#888888
PIOT0,R0C69,#88FF88
PIOT1,R0C70,#88FF88
PIOT0,R0C71,#88FF88
PIOT1,R0C72,#88FF88
DUMMY_TILE_8,R0C73,#FFFFFF
PIOT0,R0C74,#88FF88
PIOT1,R0C75,#88FF88
PIOT0,R0C76,#88FF88
PIOT1,R0C77,#88FF88
PIOT0,R0C78,#88FF88
DUMMY_TILE_A,R0C78,#FFFFFF
PIOT1,R0C79,#88FF88
PIOT0,R0C80,#88FF88
PIOT1,R0C81,#88FF88
DUMMY_TILE_8,R0C82,#FFFFFF
PIOT0,R0C83,#88FF88
PIOT1,R0C84,#88FF88
PIOT0,R0C85,#88FF88
PIOT1,R0C86,#88FF88
PIOT0,R0C87,#88FF88
PIOT1,R0C88,#88FF88
PIOT0,R0C89,#88FF88
PIOT1,R0C90,#88FF88
DUMMY_TILE_8,R0C91,#FFFFFF
PIOT0,R0C92,#88FF88
PIOT1,R0C93,#88FF88
PIOT0,R0C94,#88FF88
PIOT1,R0C95,#88FF88
PIOT0,R0C96,#88FF88
DUMMY_TILE_A,R0C96,#FFFFFF
PIOT1,R0C97,#88FF88
PIOT0,R0C98,#88FF88
PIOT1,R0C99,#88FF88
DUMMY_TILE_8,R0C100,#FFFFFF
PIOT0,R0C101,#88FF88
PIOT1,R0C102,#88FF88
PIOT0,R0C103,#88FF88
PIOT1,R0C104,#88FF88
PIOT0,R0C105,#88FF88
PIOT1,R0C106,#88FF88
PIOT0,R0C107,#88FF88
PIOT1,R0C108,#88FF88
DUMMY_TILE_8,R0C109,#FFFFFF
PIOT0,R0C110,#88FF88
PIOT1,R0C111,#88FF88
PIOT0,R0C112,#88FF88
PIOT1,R0C113,#88FF88
PIOT0,R0C114,#88FF88
DUMMY_TILE_A,R0C114,#FFFFFF
PIOT1,R0C115,#88FF88
PIOT0,R0C116,#88FF88
PIOT1,R0C117,#88FF88
DUMMY_TILE_8,R0C118,#FFFFFF
PIOT0,R0C119,#88FF88
PIOT1,R0C120,#88FF88
PIOT0,R0C121,#88FF88
PIOT1,R0C122,#88FF88
BANKREF1,R0C123,#888888
DUMMY_TILE_1,R0C124,#FFFFFF
DUMMY_TILE_8,R0C125,#FFFFFF
DUMMY_TILE_0,R0C126,#FFFFFF
DUMMY_TILE_0,R1C0,#FFFFFF
DUMMY_TILE_2,R1C0,#FFFFFF
CIB_LR_S,R1C1,#FF8888
DUMMY_TILE_8,R1C1,#FFFFFF
CIB,R1C2,#FF8888
DUMMY_TILE_1,R1C2,#FFFFFF
CIB,R1C3,#FF8888
DUMMY_TILE_1,R1C3,#FFFFFF
CIB,R1C4,#FF8888
PICT0,R1C4,#88FFFF
CIB,R1C5,#FF8888
PICT1,R1C5,#88FFFF
CIB,R1C6,#FF8888
PICT0,R1C6,#88FFFF
CIB,R1C7,#FF8888
PICT1,R1C7,#88FFFF
CIB,R1C8,#FF8888
DUMMY_TILE_8,R1C8,#FFFFFF
CIB,R1C9,#FF8888
PICT0,R1C9,#88FFFF
CIB,R1C10,#FF8888
PICT1,R1C10,#88FFFF
CIB,R1C11,#FF8888
PICT0,R1C11,#88FFFF
CIB,R1C12,#FF8888
PICT1,R1C12,#88FFFF
CIB,R1C13,#FF8888
PICT0,R1C13,#88FFFF
DUMMY_TILE_A,R1C13,#FFFFFF
TAP_DRIVE_CIB,R1C13,#DDDDDD
CIB,R1C14,#FF8888
PICT1,R1C14,#88FFFF
CIB,R1C15,#FF8888
PICT0,R1C15,#88FFFF
CIB,R1C16,#FF8888
PICT1,R1C16,#88FFFF
CIB,R1C17,#FF8888
DUMMY_TILE_8,R1C17,#FFFFFF
CIB,R1C18,#FF8888
PICT0,R1C18,#88FFFF
CIB,R1C19,#FF8888
PICT1,R1C19,#88FFFF
CIB,R1C20,#FF8888
PICT0,R1C20,#88FFFF
CIB,R1C21,#FF8888
PICT1,R1C21,#88FFFF
CIB,R1C22,#FF8888
PICT0,R1C22,#88FFFF
CIB,R1C23,#FF8888
PICT1,R1C23,#88FFFF
CIB,R1C24,#FF8888
PICT0,R1C24,#88FFFF
CIB,R1C25,#FF8888
PICT1,R1C25,#88FFFF
CIB,R1C26,#FF8888
DUMMY_TILE_8,R1C26,#FFFFFF
CIB,R1C27,#FF8888
PICT0,R1C27,#88FFFF
CIB,R1C28,#FF8888
PICT1,R1C28,#88FFFF
CIB,R1C29,#FF8888
PICT0,R1C29,#88FFFF
CIB,R1C30,#FF8888
PICT1,R1C30,#88FFFF
CIB,R1C31,#FF8888
PICT0,R1C31,#88FFFF
DUMMY_TILE_A,R1C31,#FFFFFF
TAP_DRIVE_CIB,R1C31,#DDDDDD
CIB,R1C32,#FF8888
PICT1,R1C32,#88FFFF
CIB,R1C33,#FF8888
PICT0,R1C33,#88FFFF
CIB,R1C34,#FF8888
PICT1,R1C34,#88FFFF
CIB,R1C35,#FF8888
DUMMY_TILE_8,R1C35,#FFFFFF
CIB,R1C36,#FF8888
PICT0,R1C36,#88FFFF
CIB,R1C37,#FF8888
PICT1,R1C37,#88FFFF
CIB,R1C38,#FF8888
PICT0,R1C38,#88FFFF
CIB,R1C39,#FF8888
PICT1,R1C39,#88FFFF
CIB,R1C40,#FF8888
PICT0,R1C40,#88FFFF
CIB,R1C41,#FF8888
PICT1,R1C41,#88FFFF
CIB,R1C42,#FF8888
PICT0,R1C42,#88FFFF
CIB,R1C43,#FF8888
PICT1,R1C43,#88FFFF
CIB,R1C44,#FF8888
DUMMY_TILE_8,R1C44,#FFFFFF
CIB,R1C45,#FF8888
PICT0,R1C45,#88FFFF
CIB,R1C46,#FF8888
PICT1,R1C46,#88FFFF
CIB,R1C47,#FF8888
PICT0,R1C47,#88FFFF
CIB,R1C48,#FF8888
PICT1,R1C48,#88FFFF
CIB,R1C49,#FF8888
PICT0,R1C49,#88FFFF
CIB,R1C50,#FF8888
PICT1,R1C50,#88FFFF
CIB,R1C51,#FF8888
PICT0,R1C51,#88FFFF
CIB,R1C52,#FF8888
PICT1,R1C52,#88FFFF
CIB,R1C53,#FF8888
DUMMY_TILE_8,R1C53,#FFFFFF
CIB,R1C54,#FF8888
PICT0,R1C54,#88FFFF
CIB,R1C55,#FF8888
PICT1,R1C55,#88FFFF
CIB,R1C56,#FF8888
PICT0,R1C56,#88FFFF
CIB,R1C57,#FF8888
PICT1,R1C57,#88FFFF
CIB,R1C58,#FF8888
PICT0,R1C58,#88FFFF
DUMMY_TILE_A,R1C58,#FFFFFF
TAP_DRIVE_CIB,R1C58,#DDDDDD
CIB,R1C59,#FF8888
PICT1,R1C59,#88FFFF
CIB,R1C60,#FF8888
PICT0,R1C60,#88FFFF
CIB,R1C61,#FF8888
PICT1,R1C61,#88FFFF
CIB,R1C62,#FF8888
DUMMY_TILE_8,R1C62,#FFFFFF
CIB,R1C63,#FF8888
PICT0,R1C63,#88FFFF
CIB,R1C64,#FF8888
PICT1,R1C64,#88FFFF
CIB,R1C65,#FF8888
PICT0,R1C65,#88FFFF
CIB,R1C66,#FF8888
PICT1,R1C66,#88FFFF
CIB,R1C67,#FF8888
DUMMY_TILE_8,R1C67,#FFFFFF
CIB,R1C68,#FF8888
DUMMY_TILE_8,R1C68,#FFFFFF
CIB,R1C69,#FF8888
PICT0,R1C69,#88FFFF
CIB,R1C70,#FF8888
PICT1,R1C70,#88FFFF
CIB,R1C71,#FF8888
PICT0,R1C71,#88FFFF
CIB,R1C72,#FF8888
PICT1,R1C72,#88FFFF
CIB,R1C73,#FF8888
DUMMY_TILE_8,R1C73,#FFFFFF
CIB,R1C74,#FF8888
PICT0,R1C74,#88FFFF
CIB,R1C75,#FF8888
PICT1,R1C75,#88FFFF
CIB,R1C76,#FF8888
PICT0,R1C76,#88FFFF
CIB,R1C77,#FF8888
PICT1,R1C77,#88FFFF
CIB,R1C78,#FF8888
PICT0,R1C78,#88FFFF
DUMMY_TILE_A,R1C78,#FFFFFF
TAP_DRIVE_CIB,R1C78,#DDDDDD
CIB,R1C79,#FF8888
PICT1,R1C79,#88FFFF
CIB,R1C80,#FF8888
PICT0,R1C80,#88FFFF
CIB,R1C81,#FF8888
PICT1,R1C81,#88FFFF
CIB,R1C82,#FF8888
DUMMY_TILE_8,R1C82,#FFFFFF
CIB,R1C83,#FF8888
PICT0,R1C83,#88FFFF
CIB,R1C84,#FF8888
PICT1,R1C84,#88FFFF
CIB,R1C85,#FF8888
PICT0,R1C85,#88FFFF
CIB,R1C86,#FF8888
PICT1,R1C86,#88FFFF
CIB,R1C87,#FF8888
PICT0,R1C87,#88FFFF
CIB,R1C88,#FF8888
PICT1,R1C88,#88FFFF
CIB,R1C89,#FF8888
PICT0,R1C89,#88FFFF
CIB,R1C90,#FF8888
PICT1,R1C90,#88FFFF
CIB,R1C91,#FF8888
DUMMY_TILE_8,R1C91,#FFFFFF
CIB,R1C92,#FF8888
PICT0,R1C92,#88FFFF
CIB,R1C93,#FF8888
PICT1,R1C93,#88FFFF
CIB,R1C94,#FF8888
PICT0,R1C94,#88FFFF
CIB,R1C95,#FF8888
PICT1,R1C95,#88FFFF
CIB,R1C96,#FF8888
PICT0,R1C96,#88FFFF
DUMMY_TILE_A,R1C96,#FFFFFF
TAP_DRIVE_CIB,R1C96,#DDDDDD
CIB,R1C97,#FF8888
PICT1,R1C97,#88FFFF
CIB,R1C98,#FF8888
PICT0,R1C98,#88FFFF
CIB,R1C99,#FF8888
PICT1,R1C99,#88FFFF
CIB,R1C100,#FF8888
DUMMY_TILE_8,R1C100,#FFFFFF
CIB,R1C101,#FF8888
PICT0,R1C101,#88FFFF
CIB,R1C102,#FF8888
PICT1,R1C102,#88FFFF
CIB,R1C103,#FF8888
PICT0,R1C103,#88FFFF
CIB,R1C104,#FF8888
PICT1,R1C104,#88FFFF
CIB,R1C105,#FF8888
PICT0,R1C105,#88FFFF
CIB,R1C106,#FF8888
PICT1,R1C106,#88FFFF
CIB,R1C107,#FF8888
PICT0,R1C107,#88FFFF
CIB,R1C108,#FF8888
PICT1,R1C108,#88FFFF
CIB,R1C109,#FF8888
DUMMY_TILE_8,R1C109,#FFFFFF
CIB,R1C110,#FF8888
PICT0,R1C110,#88FFFF
CIB,R1C111,#FF8888
PICT1,R1C111,#88FFFF
CIB,R1C112,#FF8888
PICT0,R1C112,#88FFFF
CIB,R1C113,#FF8888
PICT1,R1C113,#88FFFF
CIB,R1C114,#FF8888
PICT0,R1C114,#88FFFF
DUMMY_TILE_A,R1C114,#FFFFFF
TAP_DRIVE_CIB,R1C114,#DDDDDD
CIB,R1C115,#FF8888
PICT1,R1C115,#88FFFF
CIB,R1C116,#FF8888
PICT0,R1C116,#88FFFF
CIB,R1C117,#FF8888
PICT1,R1C117,#88FFFF
CIB,R1C118,#FF8888
DUMMY_TILE_8,R1C118,#FFFFFF
CIB,R1C119,#FF8888
PICT0,R1C119,#88FFFF
CIB,R1C120,#FF8888
PICT1,R1C120,#88FFFF
CIB,R1C121,#FF8888
PICT0,R1C121,#88FFFF
CIB,R1C122,#FF8888
PICT1,R1C122,#88FFFF
CIB,R1C123,#FF8888
DUMMY_TILE_1,R1C123,#FFFFFF
CIB,R1C124,#FF8888
DUMMY_TILE_1,R1C124,#FFFFFF
CIB_LR_S,R1C125,#FF8888
DUMMY_TILE_8,R1C125,#FFFFFF
DUMMY_TILE_0,R1C126,#FFFFFF
DUMMY_TILE_2,R1C126,#FFFFFF
DUMMY_TILE_5,R2C0,#FFFFFF
CIB_LR,R2C1,#FF8888
TAP_DRIVE,R2C13,#DDDDDD
TAP_DRIVE,R2C31,#DDDDDD
TAP_DRIVE,R2C58,#DDDDDD
TAP_DRIVE,R2C78,#DDDDDD
TAP_DRIVE,R2C96,#DDDDDD
TAP_DRIVE,R2C114,#DDDDDD
CIB_LR,R2C125,#FF8888
DUMMY_TILE_5,R2C126,#FFFFFF
DUMMY_TILE_5,R3C0,#FFFFFF
CIB_LR,R3C1,#FF8888
TAP_DRIVE,R3C13,#DDDDDD
TAP_DRIVE,R3C31,#DDDDDD
TAP_DRIVE,R3C58,#DDDDDD
TAP_DRIVE,R3C78,#DDDDDD
TAP_DRIVE,R3C96,#DDDDDD
TAP_DRIVE,R3C114,#DDDDDD
CIB_LR,R3C125,#FF8888
DUMMY_TILE_5,R3C126,#FFFFFF
PLL0_UL,R4C0,#888888
CIB_PLL0,R4C1,#FF8888
TAP_DRIVE,R4C13,#DDDDDD
TAP_DRIVE,R4C31,#DDDDDD
TAP_DRIVE,R4C58,#DDDDDD
TAP_DRIVE,R4C78,#DDDDDD
TAP_DRIVE,R4C96,#DDDDDD
TAP_DRIVE,R4C114,#DDDDDD
CIB_PLL0,R4C125,#FF8888
PLL0_UR,R4C126,#888888
PLL1_UL,R5C0,#888888
CIB_PLL1,R5C1,#FF8888
TAP_DRIVE,R5C13,#DDDDDD
TAP_DRIVE,R5C31,#DDDDDD
TAP_DRIVE,R5C58,#DDDDDD
TAP_DRIVE,R5C78,#DDDDDD
TAP_DRIVE,R5C96,#DDDDDD
TAP_DRIVE,R5C114,#DDDDDD
CIB_PLL1,R5C125,#FF8888
PLL1_UR,R5C126,#888888
DUMMY_TILE_5,R6C0,#FFFFFF
CIB_LR,R6C1,#FF8888
TAP_DRIVE,R6C13,#DDDDDD
TAP_DRIVE,R6C31,#DDDDDD
TAP_DRIVE,R6C58,#DDDDDD
TAP_DRIVE,R6C78,#DDDDDD
TAP_DRIVE,R6C96,#DDDDDD
TAP_DRIVE,R6C114,#DDDDDD
CIB_LR,R6C125,#FF8888
DUMMY_TILE_5,R6C126,#FFFFFF
DUMMY_TILE_5,R7C0,#FFFFFF
CIB_LR,R7C1,#FF8888
TAP_DRIVE,R7C13,#DDDDDD
TAP_DRIVE,R7C31,#DDDDDD
TAP_DRIVE,R7C58,#DDDDDD
TAP_DRIVE,R7C78,#DDDDDD
TAP_DRIVE,R7C96,#DDDDDD
TAP_DRIVE,R7C114,#DDDDDD
CIB_LR,R7C125,#FF8888
DUMMY_TILE_5,R7C126,#FFFFFF
DUMMY_TILE_5,R8C0,#FFFFFF
CIB_LR,R8C1,#FF8888
TAP_DRIVE,R8C13,#DDDDDD
TAP_DRIVE,R8C31,#DDDDDD
TAP_DRIVE,R8C58,#DDDDDD
TAP_DRIVE,R8C78,#DDDDDD
TAP_DRIVE,R8C96,#DDDDDD
TAP_DRIVE,R8C114,#DDDDDD
CIB_LR,R8C125,#FF8888
DUMMY_TILE_5,R8C126,#FFFFFF
DUMMY_TILE_5,R9C0,#FFFFFF
CIB_LR,R9C1,#FF8888
TAP_DRIVE,R9C13,#DDDDDD
TAP_DRIVE,R9C31,#DDDDDD
TAP_DRIVE,R9C58,#DDDDDD
TAP_DRIVE,R9C78,#DDDDDD
TAP_DRIVE,R9C96,#DDDDDD
TAP_DRIVE,R9C114,#DDDDDD
CIB_LR,R9C125,#FF8888
DUMMY_TILE_5,R9C126,#FFFFFF
BANKREF7,R10C0,#888888
DUMMY_TILE_4,R10C0,#FFFFFF
DUMMY_TILE_7,R10C0,#FFFFFF
CIB_LR_S,R10C1,#FF8888
DUMMY_TILE_S,R10C1,#FFFFFF
DUMMY_TILE_T,R10C1,#FFFFFF
CIB_DSP,R10C2,#FF8888
DDRDLL_UL,R10C2,#888888
DUMMY_TILE_T,R10C2,#FFFFFF
CIB_DSP,R10C3,#FF8888
PVT_COUNT2,R10C3,#888888
DUMMY_TILE_T,R10C3,#FFFFFF
CIB_DSP,R10C4,#FF8888
MIB2_DSP0,R10C4,#FFFF88
MIB_DSP0,R10C4,#FFFF88
CIB_DSP,R10C5,#FF8888
MIB2_DSP1,R10C5,#FFFF88
MIB_DSP1,R10C5,#FFFF88
CIB_DSP,R10C6,#FF8888
MIB2_DSP2,R10C6,#FFFF88
MIB_DSP2,R10C6,#FFFF88
CIB_DSP,R10C7,#FF8888
MIB2_DSP3,R10C7,#FFFF88
MIB_DSP3,R10C7,#FFFF88
CIB_DSP,R10C8,#FF8888
MIB2_DSP4,R10C8,#FFFF88
MIB_DSP4,R10C8,#FFFF88
CIB_DSP,R10C9,#FF8888
MIB2_DSP5,R10C9,#FFFF88
MIB_DSP5,R10C9,#FFFF88
CIB_DSP,R10C10,#FF8888
MIB2_DSP6,R10C10,#FFFF88
MIB_DSP6,R10C10,#FFFF88
CIB_DSP,R10C11,#FF8888
MIB2_DSP7,R10C11,#FFFF88
MIB_DSP7,R10C11,#FFFF88
CIB_DSP,R10C12,#FF8888
MIB2_DSP8,R10C12,#FFFF88
MIB_DSP8,R10C12,#FFFF88
CIB_DSP,R10C13,#FF8888
MIB2_DSP0,R10C13,#FFFF88
MIB_DSP0,R10C13,#FFFF88
DUMMY_TILE_E,R10C13,#FFFFFF
DUMMY_TILE_F,R10C13,#FFFFFF
TAP_DRIVE_CIB,R10C13,#DDDDDD
CIB_DSP,R10C14,#FF8888
MIB2_DSP1,R10C14,#FFFF88
MIB_DSP1,R10C14,#FFFF88
CIB_DSP,R10C15,#FF8888
MIB2_DSP2,R10C15,#FFFF88
MIB_DSP2,R10C15,#FFFF88
CIB_DSP,R10C16,#FF8888
MIB2_DSP3,R10C16,#FFFF88
MIB_DSP3,R10C16,#FFFF88
CIB_DSP,R10C17,#FF8888
MIB2_DSP4,R10C17,#FFFF88
MIB_DSP4,R10C17,#FFFF88
CIB_DSP,R10C18,#FF8888
MIB2_DSP5,R10C18,#FFFF88
MIB_DSP5,R10C18,#FFFF88
CIB_DSP,R10C19,#FF8888
MIB2_DSP6,R10C19,#FFFF88
MIB_DSP6,R10C19,#FFFF88
CIB_DSP,R10C20,#FF8888
MIB2_DSP7,R10C20,#FFFF88
MIB_DSP7,R10C20,#FFFF88
CIB_DSP,R10C21,#FF8888
MIB2_DSP8,R10C21,#FFFF88
MIB_DSP8,R10C21,#FFFF88
CIB_DSP,R10C22,#FF8888
MIB2_DSP0,R10C22,#FFFF88
MIB_DSP0,R10C22,#FFFF88
CIB_DSP,R10C23,#FF8888
MIB2_DSP1,R10C23,#FFFF88
MIB_DSP1,R10C23,#FFFF88
CIB_DSP,R10C24,#FF8888
MIB2_DSP2,R10C24,#FFFF88
MIB_DSP2,R10C24,#FFFF88
CIB_DSP,R10C25,#FF8888
MIB2_DSP3,R10C25,#FFFF88
MIB_DSP3,R10C25,#FFFF88
CIB_DSP,R10C26,#FF8888
MIB2_DSP4,R10C26,#FFFF88
MIB_DSP4,R10C26,#FFFF88
CIB_DSP,R10C27,#FF8888
MIB2_DSP5,R10C27,#FFFF88
MIB_DSP5,R10C27,#FFFF88
CIB_DSP,R10C28,#FF8888
MIB2_DSP6,R10C28,#FFFF88
MIB_DSP6,R10C28,#FFFF88
CIB_DSP,R10C29,#FF8888
MIB2_DSP7,R10C29,#FFFF88
MIB_DSP7,R10C29,#FFFF88
CIB_DSP,R10C30,#FF8888
MIB2_DSP8,R10C30,#FFFF88
MIB_DSP8,R10C30,#FFFF88
CIB_DSP,R10C31,#FF8888
MIB2_DSP0,R10C31,#FFFF88
MIB_DSP0,R10C31,#FFFF88
DUMMY_TILE_E,R10C31,#FFFFFF
DUMMY_TILE_F,R10C31,#FFFFFF
TAP_DRIVE_CIB,R10C31,#DDDDDD
CIB_DSP,R10C32,#FF8888
MIB2_DSP1,R10C32,#FFFF88
MIB_DSP1,R10C32,#FFFF88
CIB_DSP,R10C33,#FF8888
MIB2_DSP2,R10C33,#FFFF88
MIB_DSP2,R10C33,#FFFF88
CIB_DSP,R10C34,#FF8888
MIB2_DSP3,R10C34,#FFFF88
MIB_DSP3,R10C34,#FFFF88
CIB_DSP,R10C35,#FF8888
MIB2_DSP4,R10C35,#FFFF88
MIB_DSP4,R10C35,#FFFF88
CIB_DSP,R10C36,#FF8888
MIB2_DSP5,R10C36,#FFFF88
MIB_DSP5,R10C36,#FFFF88
CIB_DSP,R10C37,#FF8888
MIB2_DSP6,R10C37,#FFFF88
MIB_DSP6,R10C37,#FFFF88
CIB_DSP,R10C38,#FF8888
MIB2_DSP7,R10C38,#FFFF88
MIB_DSP7,R10C38,#FFFF88
CIB_DSP,R10C39,#FF8888
MIB2_DSP8,R10C39,#FFFF88
MIB_DSP8,R10C39,#FFFF88
CIB_DSP,R10C40,#FF8888
MIB2_DSP0,R10C40,#FFFF88
MIB_DSP0,R10C40,#FFFF88
CIB_DSP,R10C41,#FF8888
MIB2_DSP1,R10C41,#FFFF88
MIB_DSP1,R10C41,#FFFF88
CIB_DSP,R10C42,#FF8888
MIB2_DSP2,R10C42,#FFFF88
MIB_DSP2,R10C42,#FFFF88
CIB_DSP,R10C43,#FF8888
MIB2_DSP3,R10C43,#FFFF88
MIB_DSP3,R10C43,#FFFF88
CIB_DSP,R10C44,#FF8888
MIB2_DSP4,R10C44,#FFFF88
MIB_DSP4,R10C44,#FFFF88
CIB_DSP,R10C45,#FF8888
MIB2_DSP5,R10C45,#FFFF88
MIB_DSP5,R10C45,#FFFF88
CIB_DSP,R10C46,#FF8888
MIB2_DSP6,R10C46,#FFFF88
MIB_DSP6,R10C46,#FFFF88
CIB_DSP,R10C47,#FF8888
MIB2_DSP7,R10C47,#FFFF88
MIB_DSP7,R10C47,#FFFF88
CIB_DSP,R10C48,#FF8888
MIB2_DSP8,R10C48,#FFFF88
MIB_DSP8,R10C48,#FFFF88
CIB_DSP,R10C49,#FF8888
MIB2_DSP0,R10C49,#FFFF88
MIB_DSP0,R10C49,#FFFF88
CIB_DSP,R10C50,#FF8888
MIB2_DSP1,R10C50,#FFFF88
MIB_DSP1,R10C50,#FFFF88
CIB_DSP,R10C51,#FF8888
MIB2_DSP2,R10C51,#FFFF88
MIB_DSP2,R10C51,#FFFF88
CIB_DSP,R10C52,#FF8888
MIB2_DSP3,R10C52,#FFFF88
MIB_DSP3,R10C52,#FFFF88
CIB_DSP,R10C53,#FF8888
MIB2_DSP4,R10C53,#FFFF88
MIB_DSP4,R10C53,#FFFF88
CIB_DSP,R10C54,#FF8888
MIB2_DSP5,R10C54,#FFFF88
MIB_DSP5,R10C54,#FFFF88
CIB_DSP,R10C55,#FF8888
MIB2_DSP6,R10C55,#FFFF88
MIB_DSP6,R10C55,#FFFF88
CIB_DSP,R10C56,#FF8888
MIB2_DSP7,R10C56,#FFFF88
MIB_DSP7,R10C56,#FFFF88
CIB_DSP,R10C57,#FF8888
MIB2_DSP8,R10C57,#FFFF88
MIB_DSP8,R10C57,#FFFF88
CIB_DSP,R10C58,#FF8888
MIB2_DSP0,R10C58,#FFFF88
MIB_DSP0,R10C58,#FFFF88
DUMMY_TILE_E,R10C58,#FFFFFF
DUMMY_TILE_F,R10C58,#FFFFFF
TAP_DRIVE_CIB,R10C58,#DDDDDD
CIB_DSP,R10C59,#FF8888
MIB2_DSP1,R10C59,#FFFF88
MIB_DSP1,R10C59,#FFFF88
CIB_DSP,R10C60,#FF8888
MIB2_DSP2,R10C60,#FFFF88
MIB_DSP2,R10C60,#FFFF88
CIB_DSP,R10C61,#FF8888
MIB2_DSP3,R10C61,#FFFF88
MIB_DSP3,R10C61,#FFFF88
CIB_DSP,R10C62,#FF8888
MIB2_DSP4,R10C62,#FFFF88
MIB_DSP4,R10C62,#FFFF88
CIB_DSP,R10C63,#FF8888
MIB2_DSP5,R10C63,#FFFF88
MIB_DSP5,R10C63,#FFFF88
CIB_DSP,R10C64,#FF8888
MIB2_DSP6,R10C64,#FFFF88
MIB_DSP6,R10C64,#FFFF88
CIB_DSP,R10C65,#FF8888
MIB2_DSP7,R10C65,#FFFF88
MIB_DSP7,R10C65,#FFFF88
CIB_DSP,R10C66,#FF8888
MIB2_DSP8,R10C66,#FFFF88
MIB_DSP8,R10C66,#FFFF88
CIB_DSP,R10C67,#FF8888
DUMMY_TILE_6,R10C67,#FFFFFF
DUMMY_TILE_T,R10C67,#FFFFFF
CIB_DSP,R10C68,#FF8888
DUMMY_TILE_6,R10C68,#FFFFFF
DUMMY_TILE_T,R10C68,#FFFFFF
CIB_DSP,R10C69,#FF8888
MIB2_DSP0,R10C69,#FFFF88
MIB_DSP0,R10C69,#FFFF88
CIB_DSP,R10C70,#FF8888
MIB2_DSP1,R10C70,#FFFF88
MIB_DSP1,R10C70,#FFFF88
CIB_DSP,R10C71,#FF8888
MIB2_DSP2,R10C71,#FFFF88
MIB_DSP2,R10C71,#FFFF88
CIB_DSP,R10C72,#FF8888
MIB2_DSP3,R10C72,#FFFF88
MIB_DSP3,R10C72,#FFFF88
CIB_DSP,R10C73,#FF8888
MIB2_DSP4,R10C73,#FFFF88
MIB_DSP4,R10C73,#FFFF88
CIB_DSP,R10C74,#FF8888
MIB2_DSP5,R10C74,#FFFF88
MIB_DSP5,R10C74,#FFFF88
CIB_DSP,R10C75,#FF8888
MIB2_DSP6,R10C75,#FFFF88
MIB_DSP6,R10C75,#FFFF88
CIB_DSP,R10C76,#FF8888
MIB2_DSP7,R10C76,#FFFF88
MIB_DSP7,R10C76,#FFFF88
CIB_DSP,R10C77,#FF8888
MIB2_DSP8,R10C77,#FFFF88
MIB_DSP8,R10C77,#FFFF88
CIB_DSP,R10C78,#FF8888
MIB2_DSP0,R10C78,#FFFF88
MIB_DSP0,R10C78,#FFFF88
DUMMY_TILE_E,R10C78,#FFFFFF
DUMMY_TILE_F,R10C78,#FFFFFF
TAP_DRIVE_CIB,R10C78,#DDDDDD
CIB_DSP,R10C79,#FF8888
MIB2_DSP1,R10C79,#FFFF88
MIB_DSP1,R10C79,#FFFF88
CIB_DSP,R10C80,#FF8888
MIB2_DSP2,R10C80,#FFFF88
MIB_DSP2,R10C80,#FFFF88
CIB_DSP,R10C81,#FF8888
MIB2_DSP3,R10C81,#FFFF88
MIB_DSP3,R10C81,#FFFF88
CIB_DSP,R10C82,#FF8888
MIB2_DSP4,R10C82,#FFFF88
MIB_DSP4,R10C82,#FFFF88
CIB_DSP,R10C83,#FF8888
MIB2_DSP5,R10C83,#FFFF88
MIB_DSP5,R10C83,#FFFF88
CIB_DSP,R10C84,#FF8888
MIB2_DSP6,R10C84,#FFFF88
MIB_DSP6,R10C84,#FFFF88
CIB_DSP,R10C85,#FF8888
MIB2_DSP7,R10C85,#FFFF88
MIB_DSP7,R10C85,#FFFF88
CIB_DSP,R10C86,#FF8888
MIB2_DSP8,R10C86,#FFFF88
MIB_DSP8,R10C86,#FFFF88
CIB_DSP,R10C87,#FF8888
MIB2_DSP0,R10C87,#FFFF88
MIB_DSP0,R10C87,#FFFF88
CIB_DSP,R10C88,#FF8888
MIB2_DSP1,R10C88,#FFFF88
MIB_DSP1,R10C88,#FFFF88
CIB_DSP,R10C89,#FF8888
MIB2_DSP2,R10C89,#FFFF88
MIB_DSP2,R10C89,#FFFF88
CIB_DSP,R10C90,#FF8888
MIB2_DSP3,R10C90,#FFFF88
MIB_DSP3,R10C90,#FFFF88
CIB_DSP,R10C91,#FF8888
MIB2_DSP4,R10C91,#FFFF88
MIB_DSP4,R10C91,#FFFF88
CIB_DSP,R10C92,#FF8888
MIB2_DSP5,R10C92,#FFFF88
MIB_DSP5,R10C92,#FFFF88
CIB_DSP,R10C93,#FF8888
MIB2_DSP6,R10C93,#FFFF88
MIB_DSP6,R10C93,#FFFF88
CIB_DSP,R10C94,#FF8888
MIB2_DSP7,R10C94,#FFFF88
MIB_DSP7,R10C94,#FFFF88
CIB_DSP,R10C95,#FF8888
MIB2_DSP8,R10C95,#FFFF88
MIB_DSP8,R10C95,#FFFF88
CIB_DSP,R10C96,#FF8888
MIB2_DSP0,R10C96,#FFFF88
MIB_DSP0,R10C96,#FFFF88
DUMMY_TILE_E,R10C96,#FFFFFF
DUMMY_TILE_F,R10C96,#FFFFFF
TAP_DRIVE_CIB,R10C96,#DDDDDD
CIB_DSP,R10C97,#FF8888
MIB2_DSP1,R10C97,#FFFF88
MIB_DSP1,R10C97,#FFFF88
CIB_DSP,R10C98,#FF8888
MIB2_DSP2,R10C98,#FFFF88
MIB_DSP2,R10C98,#FFFF88
CIB_DSP,R10C99,#FF8888
MIB2_DSP3,R10C99,#FFFF88
MIB_DSP3,R10C99,#FFFF88
CIB_DSP,R10C100,#FF8888
MIB2_DSP4,R10C100,#FFFF88
MIB_DSP4,R10C100,#FFFF88
CIB_DSP,R10C101,#FF8888
MIB2_DSP5,R10C101,#FFFF88
MIB_DSP5,R10C101,#FFFF88
CIB_DSP,R10C102,#FF8888
MIB2_DSP6,R10C102,#FFFF88
MIB_DSP6,R10C102,#FFFF88
CIB_DSP,R10C103,#FF8888
MIB2_DSP7,R10C103,#FFFF88
MIB_DSP7,R10C103,#FFFF88
CIB_DSP,R10C104,#FF8888
MIB2_DSP8,R10C104,#FFFF88
MIB_DSP8,R10C104,#FFFF88
CIB_DSP,R10C105,#FF8888
MIB2_DSP0,R10C105,#FFFF88
MIB_DSP0,R10C105,#FFFF88
CIB_DSP,R10C106,#FF8888
MIB2_DSP1,R10C106,#FFFF88
MIB_DSP1,R10C106,#FFFF88
CIB_DSP,R10C107,#FF8888
MIB2_DSP2,R10C107,#FFFF88
MIB_DSP2,R10C107,#FFFF88
CIB_DSP,R10C108,#FF8888
MIB2_DSP3,R10C108,#FFFF88
MIB_DSP3,R10C108,#FFFF88
CIB_DSP,R10C109,#FF8888
MIB2_DSP4,R10C109,#FFFF88
MIB_DSP4,R10C109,#FFFF88
CIB_DSP,R10C110,#FF8888
MIB2_DSP5,R10C110,#FFFF88
MIB_DSP5,R10C110,#FFFF88
CIB_DSP,R10C111,#FF8888
MIB2_DSP6,R10C111,#FFFF88
MIB_DSP6,R10C111,#FFFF88
CIB_DSP,R10C112,#FF8888
MIB2_DSP7,R10C112,#FFFF88
MIB_DSP7,R10C112,#FFFF88
CIB_DSP,R10C113,#FF8888
MIB2_DSP8,R10C113,#FFFF88
MIB_DSP8,R10C113,#FFFF88
CIB_DSP,R10C114,#FF8888
MIB2_DSP0,R10C114,#FFFF88
MIB_DSP0,R10C114,#FFFF88
DUMMY_TILE_E,R10C114,#FFFFFF
DUMMY_TILE_F,R10C114,#FFFFFF
TAP_DRIVE_CIB,R10C114,#DDDDDD
CIB_DSP,R10C115,#FF8888
MIB2_DSP1,R10C115,#FFFF88
MIB_DSP1,R10C115,#FFFF88
CIB_DSP,R10C116,#FF8888
MIB2_DSP2,R10C116,#FFFF88
MIB_DSP2,R10C116,#FFFF88
CIB_DSP,R10C117,#FF8888
MIB2_DSP3,R10C117,#FFFF88
MIB_DSP3,R10C117,#FFFF88
CIB_DSP,R10C118,#FF8888
MIB2_DSP4,R10C118,#FFFF88
MIB_DSP4,R10C118,#FFFF88
CIB_DSP,R10C119,#FF8888
MIB2_DSP5,R10C119,#FFFF88
MIB_DSP5,R10C119,#FFFF88
CIB_DSP,R10C120,#FF8888
MIB2_DSP6,R10C120,#FFFF88
MIB_DSP6,R10C120,#FFFF88
CIB_DSP,R10C121,#FF8888
MIB2_DSP7,R10C121,#FFFF88
MIB_DSP7,R10C121,#FFFF88
CIB_DSP,R10C122,#FF8888
MIB2_DSP8,R10C122,#FFFF88
MIB_DSP8,R10C122,#FFFF88
CIB_DSP,R10C123,#FF8888
DUMMY_TILE_6,R10C123,#FFFFFF
DUMMY_TILE_T,R10C123,#FFFFFF
CIB_DSP,R10C124,#FF8888
DDRDLL_UR,R10C124,#888888
DUMMY_TILE_T,R10C124,#FFFFFF
CIB_LR_S,R10C125,#FF8888
DUMMY_TILE_S,R10C125,#FFFFFF
DUMMY_TILE_T,R10C125,#FFFFFF
BANKREF2,R10C126,#888888
DUMMY_TILE_4,R10C126,#FFFFFF
DUMMY_TILE_7,R10C126,#FFFFFF
PICL0,R11C0,#88FFFF
CIB_LR,R11C1,#FF8888
TAP_DRIVE,R11C13,#DDDDDD
TAP_DRIVE,R11C31,#DDDDDD
TAP_DRIVE,R11C58,#DDDDDD
TAP_DRIVE,R11C78,#DDDDDD
TAP_DRIVE,R11C96,#DDDDDD
TAP_DRIVE,R11C114,#DDDDDD
CIB_LR,R11C125,#FF8888
PICR0,R11C126,#88FFFF
PICL1,R12C0,#88FFFF
CIB_LR,R12C1,#FF8888
TAP_DRIVE,R12C13,#DDDDDD
TAP_DRIVE,R12C31,#DDDDDD
TAP_DRIVE,R12C58,#DDDDDD
TAP_DRIVE,R12C78,#DDDDDD
TAP_DRIVE,R12C96,#DDDDDD
TAP_DRIVE,R12C114,#DDDDDD
CIB_LR,R12C125,#FF8888
PICR1,R12C126,#88FFFF
PICL2,R13C0,#88FFFF
CIB_LR,R13C1,#FF8888
TAP_DRIVE,R13C13,#DDDDDD
TAP_DRIVE,R13C31,#DDDDDD
TAP_DRIVE,R13C58,#DDDDDD
TAP_DRIVE,R13C78,#DDDDDD
TAP_DRIVE,R13C96,#DDDDDD
TAP_DRIVE,R13C114,#DDDDDD
CIB_LR,R13C125,#FF8888
PICR2,R13C126,#88FFFF
PICL0,R14C0,#88FFFF
CIB_LR,R14C1,#FF8888
TAP_DRIVE,R14C13,#DDDDDD
TAP_DRIVE,R14C31,#DDDDDD
TAP_DRIVE,R14C58,#DDDDDD
TAP_DRIVE,R14C78,#DDDDDD
TAP_DRIVE,R14C96,#DDDDDD
TAP_DRIVE,R14C114,#DDDDDD
CIB_LR,R14C125,#FF8888
PICR0,R14C126,#88FFFF
PICL1_DQS0,R15C0,#88FFFF
CIB_LR,R15C1,#FF8888
TAP_DRIVE,R15C13,#DDDDDD
TAP_DRIVE,R15C31,#DDDDDD
TAP_DRIVE,R15C58,#DDDDDD
TAP_DRIVE,R15C78,#DDDDDD
TAP_DRIVE,R15C96,#DDDDDD
TAP_DRIVE,R15C114,#DDDDDD
CIB_LR,R15C125,#FF8888
PICR1_DQS0,R15C126,#88FFFF
PICL2_DQS1,R16C0,#88FFFF
CIB_LR,R16C1,#FF8888
TAP_DRIVE,R16C13,#DDDDDD
TAP_DRIVE,R16C31,#DDDDDD
TAP_DRIVE,R16C58,#DDDDDD
TAP_DRIVE,R16C78,#DDDDDD
TAP_DRIVE,R16C96,#DDDDDD
TAP_DRIVE,R16C114,#DDDDDD
CIB_LR,R16C125,#FF8888
PICR2_DQS1,R16C126,#88FFFF
PICL0_DQS2,R17C0,#88FFFF
CIB_LR,R17C1,#FF8888
TAP_DRIVE,R17C13,#DDDDDD
TAP_DRIVE,R17C31,#DDDDDD
TAP_DRIVE,R17C58,#DDDDDD
TAP_DRIVE,R17C78,#DDDDDD
TAP_DRIVE,R17C96,#DDDDDD
TAP_DRIVE,R17C114,#DDDDDD
CIB_LR,R17C125,#FF8888
PICR0_DQS2,R17C126,#88FFFF
PICL1_DQS3,R18C0,#88FFFF
CIB_LR,R18C1,#FF8888
TAP_DRIVE,R18C13,#DDDDDD
TAP_DRIVE,R18C31,#DDDDDD
TAP_DRIVE,R18C58,#DDDDDD
TAP_DRIVE,R18C78,#DDDDDD
TAP_DRIVE,R18C96,#DDDDDD
TAP_DRIVE,R18C114,#DDDDDD
CIB_LR,R18C125,#FF8888
PICR1_DQS3,R18C126,#88FFFF
PICL2,R19C0,#88FFFF
CIB_LR,R19C1,#FF8888
TAP_DRIVE,R19C13,#DDDDDD
TAP_DRIVE,R19C31,#DDDDDD
TAP_DRIVE,R19C58,#DDDDDD
TAP_DRIVE,R19C78,#DDDDDD
TAP_DRIVE,R19C96,#DDDDDD
TAP_DRIVE,R19C114,#DDDDDD
CIB_LR,R19C125,#FF8888
PICR2,R19C126,#88FFFF
PICL0,R20C0,#88FFFF
CIB_LR,R20C1,#FF8888
TAP_DRIVE,R20C13,#DDDDDD
TAP_DRIVE,R20C31,#DDDDDD
TAP_DRIVE,R20C58,#DDDDDD
TAP_DRIVE,R20C78,#DDDDDD
TAP_DRIVE,R20C96,#DDDDDD
TAP_DRIVE,R20C114,#DDDDDD
CIB_LR,R20C125,#FF8888
PICR0,R20C126,#88FFFF
PICL1,R21C0,#88FFFF
CIB_LR,R21C1,#FF8888
TAP_DRIVE,R21C13,#DDDDDD
TAP_DRIVE,R21C31,#DDDDDD
TAP_DRIVE,R21C58,#DDDDDD
TAP_DRIVE,R21C78,#DDDDDD
TAP_DRIVE,R21C96,#DDDDDD
TAP_DRIVE,R21C114,#DDDDDD
CIB_LR,R21C125,#FF8888
PICR1,R21C126,#88FFFF
MIB_CIB_LR,R22C0,#888888
MIB_CIB_LRC,R22C0,#888888
CIB_LR_S,R22C1,#FF8888
DUMMY_TILE_S,R22C1,#FFFFFF
CIB_EBR,R22C2,#FF8888
DUMMY_TILE_6,R22C2,#FFFFFF
CIB_EBR,R22C3,#FF8888
DUMMY_TILE_6,R22C3,#FFFFFF
CIB_EBR,R22C4,#FF8888
MIB_EBR0,R22C4,#FF88FF
CIB_EBR,R22C5,#FF8888
MIB_EBR1,R22C5,#FF88FF
CIB_EBR,R22C6,#FF8888
MIB_EBR2,R22C6,#FF88FF
CIB_EBR,R22C7,#FF8888
MIB_EBR3,R22C7,#FF88FF
CIB_EBR,R22C8,#FF8888
MIB_EBR4,R22C8,#FF88FF
CIB_EBR,R22C9,#FF8888
MIB_EBR5,R22C9,#FF88FF
CIB_EBR,R22C10,#FF8888
MIB_EBR6,R22C10,#FF88FF
CIB_EBR,R22C11,#FF8888
MIB_EBR7,R22C11,#FF88FF
CIB_EBR,R22C12,#FF8888
EBR_SPINE_UL2,R22C12,#FF88FF
CIB_EBR,R22C13,#FF8888
MIB_EBR0,R22C13,#FF88FF
DUMMY_TILE_E,R22C13,#FFFFFF
TAP_DRIVE_CIB,R22C13,#DDDDDD
CIB_EBR,R22C14,#FF8888
MIB_EBR1,R22C14,#FF88FF
CIB_EBR,R22C15,#FF8888
MIB_EBR2,R22C15,#FF88FF
CIB_EBR,R22C16,#FF8888
MIB_EBR3,R22C16,#FF88FF
CIB_EBR,R22C17,#FF8888
MIB_EBR4,R22C17,#FF88FF
CIB_EBR,R22C18,#FF8888
MIB_EBR5,R22C18,#FF88FF
CIB_EBR,R22C19,#FF8888
MIB_EBR6,R22C19,#FF88FF
CIB_EBR,R22C20,#FF8888
MIB_EBR7,R22C20,#FF88FF
CIB_EBR,R22C21,#FF8888
MIB_EBR8,R22C21,#FF88FF
CIB_EBR,R22C22,#FF8888
MIB_EBR0,R22C22,#FF88FF
CIB_EBR,R22C23,#FF8888
MIB_EBR1,R22C23,#FF88FF
CIB_EBR,R22C24,#FF8888
MIB_EBR2,R22C24,#FF88FF
CIB_EBR,R22C25,#FF8888
MIB_EBR3,R22C25,#FF88FF
CIB_EBR,R22C26,#FF8888
MIB_EBR4,R22C26,#FF88FF
CIB_EBR,R22C27,#FF8888
MIB_EBR5,R22C27,#FF88FF
CIB_EBR,R22C28,#FF8888
MIB_EBR6,R22C28,#FF88FF
CIB_EBR,R22C29,#FF8888
MIB_EBR7,R22C29,#FF88FF
CIB_EBR,R22C30,#FF8888
EBR_SPINE_UL1,R22C30,#FF88FF
CIB_EBR,R22C31,#FF8888
MIB_EBR0,R22C31,#FF88FF
DUMMY_TILE_E,R22C31,#FFFFFF
TAP_DRIVE_CIB,R22C31,#DDDDDD
CIB_EBR,R22C32,#FF8888
MIB_EBR1,R22C32,#FF88FF
CIB_EBR,R22C33,#FF8888
MIB_EBR2,R22C33,#FF88FF
CIB_EBR,R22C34,#FF8888
MIB_EBR3,R22C34,#FF88FF
CIB_EBR,R22C35,#FF8888
MIB_EBR4,R22C35,#FF88FF
CIB_EBR,R22C36,#FF8888
MIB_EBR5,R22C36,#FF88FF
CIB_EBR,R22C37,#FF8888
MIB_EBR6,R22C37,#FF88FF
CIB_EBR,R22C38,#FF8888
MIB_EBR7,R22C38,#FF88FF
CIB_EBR,R22C39,#FF8888
MIB_EBR8,R22C39,#FF88FF
CIB_EBR,R22C40,#FF8888
MIB_EBR0,R22C40,#FF88FF
CIB_EBR,R22C41,#FF8888
MIB_EBR1,R22C41,#FF88FF
CIB_EBR,R22C42,#FF8888
MIB_EBR2,R22C42,#FF88FF
CIB_EBR,R22C43,#FF8888
MIB_EBR3,R22C43,#FF88FF
CIB_EBR,R22C44,#FF8888
MIB_EBR4,R22C44,#FF88FF
CIB_EBR,R22C45,#FF8888
MIB_EBR5,R22C45,#FF88FF
CIB_EBR,R22C46,#FF8888
MIB_EBR6,R22C46,#FF88FF
CIB_EBR,R22C47,#FF8888
MIB_EBR7,R22C47,#FF88FF
CIB_EBR,R22C48,#FF8888
MIB_EBR8,R22C48,#FF88FF
CIB_EBR,R22C49,#FF8888
MIB_EBR0,R22C49,#FF88FF
CIB_EBR,R22C50,#FF8888
MIB_EBR1,R22C50,#FF88FF
CIB_EBR,R22C51,#FF8888
MIB_EBR2,R22C51,#FF88FF
CIB_EBR,R22C52,#FF8888
MIB_EBR3,R22C52,#FF88FF
CIB_EBR,R22C53,#FF8888
MIB_EBR4,R22C53,#FF88FF
CIB_EBR,R22C54,#FF8888
MIB_EBR5,R22C54,#FF88FF
CIB_EBR,R22C55,#FF8888
MIB_EBR6,R22C55,#FF88FF
CIB_EBR,R22C56,#FF8888
MIB_EBR7,R22C56,#FF88FF
CIB_EBR,R22C57,#FF8888
EBR_SPINE_UL0,R22C57,#FF88FF
CIB_EBR,R22C58,#FF8888
MIB_EBR0,R22C58,#FF88FF
DUMMY_TILE_E,R22C58,#FFFFFF
TAP_DRIVE_CIB,R22C58,#DDDDDD
CIB_EBR,R22C59,#FF8888
MIB_EBR1,R22C59,#FF88FF
CIB_EBR,R22C60,#FF8888
MIB_EBR2,R22C60,#FF88FF
CIB_EBR,R22C61,#FF8888
MIB_EBR3,R22C61,#FF88FF
CIB_EBR,R22C62,#FF8888
MIB_EBR4,R22C62,#FF88FF
CIB_EBR,R22C63,#FF8888
MIB_EBR5,R22C63,#FF88FF
CIB_EBR,R22C64,#FF8888
MIB_EBR6,R22C64,#FF88FF
CIB_EBR,R22C65,#FF8888
MIB_EBR7,R22C65,#FF88FF
CIB_EBR,R22C66,#FF8888
EBR_CMUX_UL,R22C66,#888888
CIB_EBR,R22C67,#FF8888
CMUX_UL_0,R22C67,#888888
CIB_EBR,R22C68,#FF8888
CMUX_UR_0,R22C68,#888888
CIB_EBR,R22C69,#FF8888
EBR_CMUX_UR,R22C69,#888888
CIB_EBR,R22C70,#FF8888
MIB_EBR1,R22C70,#FF88FF
CIB_EBR,R22C71,#FF8888
MIB_EBR2,R22C71,#FF88FF
CIB_EBR,R22C72,#FF8888
MIB_EBR3,R22C72,#FF88FF
CIB_EBR,R22C73,#FF8888
MIB_EBR4,R22C73,#FF88FF
CIB_EBR,R22C74,#FF8888
MIB_EBR5,R22C74,#FF88FF
CIB_EBR,R22C75,#FF8888
MIB_EBR6,R22C75,#FF88FF
CIB_EBR,R22C76,#FF8888
MIB_EBR7,R22C76,#FF88FF
CIB_EBR,R22C77,#FF8888
EBR_SPINE_UR0,R22C77,#FF88FF
CIB_EBR,R22C78,#FF8888
MIB_EBR0,R22C78,#FF88FF
DUMMY_TILE_E,R22C78,#FFFFFF
TAP_DRIVE_CIB,R22C78,#DDDDDD
CIB_EBR,R22C79,#FF8888
MIB_EBR1,R22C79,#FF88FF
CIB_EBR,R22C80,#FF8888
MIB_EBR2,R22C80,#FF88FF
CIB_EBR,R22C81,#FF8888
MIB_EBR3,R22C81,#FF88FF
CIB_EBR,R22C82,#FF8888
MIB_EBR4,R22C82,#FF88FF
CIB_EBR,R22C83,#FF8888
MIB_EBR5,R22C83,#FF88FF
CIB_EBR,R22C84,#FF8888
MIB_EBR6,R22C84,#FF88FF
CIB_EBR,R22C85,#FF8888
MIB_EBR7,R22C85,#FF88FF
CIB_EBR,R22C86,#FF8888
MIB_EBR8,R22C86,#FF88FF
CIB_EBR,R22C87,#FF8888
MIB_EBR0,R22C87,#FF88FF
CIB_EBR,R22C88,#FF8888
MIB_EBR1,R22C88,#FF88FF
CIB_EBR,R22C89,#FF8888
MIB_EBR2,R22C89,#FF88FF
CIB_EBR,R22C90,#FF8888
MIB_EBR3,R22C90,#FF88FF
CIB_EBR,R22C91,#FF8888
MIB_EBR4,R22C91,#FF88FF
CIB_EBR,R22C92,#FF8888
MIB_EBR5,R22C92,#FF88FF
CIB_EBR,R22C93,#FF8888
MIB_EBR6,R22C93,#FF88FF
CIB_EBR,R22C94,#FF8888
MIB_EBR7,R22C94,#FF88FF
CIB_EBR,R22C95,#FF8888
EBR_SPINE_UR1,R22C95,#FF88FF
CIB_EBR,R22C96,#FF8888
MIB_EBR0,R22C96,#FF88FF
DUMMY_TILE_E,R22C96,#FFFFFF
TAP_DRIVE_CIB,R22C96,#DDDDDD
CIB_EBR,R22C97,#FF8888
MIB_EBR1,R22C97,#FF88FF
CIB_EBR,R22C98,#FF8888
MIB_EBR2,R22C98,#FF88FF
CIB_EBR,R22C99,#FF8888
MIB_EBR3,R22C99,#FF88FF
CIB_EBR,R22C100,#FF8888
MIB_EBR4,R22C100,#FF88FF
CIB_EBR,R22C101,#FF8888
MIB_EBR5,R22C101,#FF88FF
CIB_EBR,R22C102,#FF8888
MIB_EBR6,R22C102,#FF88FF
CIB_EBR,R22C103,#FF8888
MIB_EBR7,R22C103,#FF88FF
CIB_EBR,R22C104,#FF8888
MIB_EBR8,R22C104,#FF88FF
CIB_EBR,R22C105,#FF8888
MIB_EBR0,R22C105,#FF88FF
CIB_EBR,R22C106,#FF8888
MIB_EBR1,R22C106,#FF88FF
CIB_EBR,R22C107,#FF8888
MIB_EBR2,R22C107,#FF88FF
CIB_EBR,R22C108,#FF8888
MIB_EBR3,R22C108,#FF88FF
CIB_EBR,R22C109,#FF8888
MIB_EBR4,R22C109,#FF88FF
CIB_EBR,R22C110,#FF8888
MIB_EBR5,R22C110,#FF88FF
CIB_EBR,R22C111,#FF8888
MIB_EBR6,R22C111,#FF88FF
CIB_EBR,R22C112,#FF8888
MIB_EBR7,R22C112,#FF88FF
CIB_EBR,R22C113,#FF8888
EBR_SPINE_UR2,R22C113,#FF88FF
CIB_EBR,R22C114,#FF8888
MIB_EBR0,R22C114,#FF88FF
DUMMY_TILE_E,R22C114,#FFFFFF
TAP_DRIVE_CIB,R22C114,#DDDDDD
CIB_EBR,R22C115,#FF8888
MIB_EBR1,R22C115,#FF88FF
CIB_EBR,R22C116,#FF8888
MIB_EBR2,R22C116,#FF88FF
CIB_EBR,R22C117,#FF8888
MIB_EBR3,R22C117,#FF88FF
CIB_EBR,R22C118,#FF8888
MIB_EBR4,R22C118,#FF88FF
CIB_EBR,R22C119,#FF8888
MIB_EBR5,R22C119,#FF88FF
CIB_EBR,R22C120,#FF8888
MIB_EBR6,R22C120,#FF88FF
CIB_EBR,R22C121,#FF8888
MIB_EBR7,R22C121,#FF88FF
CIB_EBR,R22C122,#FF8888
MIB_EBR8,R22C122,#FF88FF
CIB_EBR,R22C123,#FF8888
DUMMY_TILE_6,R22C123,#FFFFFF
CIB_EBR,R22C124,#FF8888
DUMMY_TILE_6,R22C124,#FFFFFF
CIB_LR_S,R22C125,#FF8888
DUMMY_TILE_S,R22C125,#FFFFFF
MIB_CIB_LRC_A,R22C126,#888888
MIB_CIB_LR_A,R22C126,#888888
PICL0,R23C0,#88FFFF
CIB_LR,R23C1,#FF8888
TAP_DRIVE,R23C13,#DDDDDD
TAP_DRIVE,R23C31,#DDDDDD
TAP_DRIVE,R23C58,#DDDDDD
TAP_DRIVE,R23C78,#DDDDDD
TAP_DRIVE,R23C96,#DDDDDD
TAP_DRIVE,R23C114,#DDDDDD
CIB_LR,R23C125,#FF8888
PICR0,R23C126,#88FFFF
PICL1,R24C0,#88FFFF
CIB_LR,R24C1,#FF8888
TAP_DRIVE,R24C13,#DDDDDD
TAP_DRIVE,R24C31,#DDDDDD
TAP_DRIVE,R24C58,#DDDDDD
TAP_DRIVE,R24C78,#DDDDDD
TAP_DRIVE,R24C96,#DDDDDD
TAP_DRIVE,R24C114,#DDDDDD
CIB_LR,R24C125,#FF8888
PICR1,R24C126,#88FFFF
PICL2,R25C0,#88FFFF
CIB_LR,R25C1,#FF8888
TAP_DRIVE,R25C13,#DDDDDD
TAP_DRIVE,R25C31,#DDDDDD
TAP_DRIVE,R25C58,#DDDDDD
TAP_DRIVE,R25C78,#DDDDDD
TAP_DRIVE,R25C96,#DDDDDD
TAP_DRIVE,R25C114,#DDDDDD
CIB_LR,R25C125,#FF8888
PICR2,R25C126,#88FFFF
PICL0,R26C0,#88FFFF
CIB_LR,R26C1,#FF8888
TAP_DRIVE,R26C13,#DDDDDD
TAP_DRIVE,R26C31,#DDDDDD
TAP_DRIVE,R26C58,#DDDDDD
TAP_DRIVE,R26C78,#DDDDDD
TAP_DRIVE,R26C96,#DDDDDD
TAP_DRIVE,R26C114,#DDDDDD
CIB_LR,R26C125,#FF8888
PICR0,R26C126,#88FFFF
PICL1_DQS0,R27C0,#88FFFF
CIB_LR,R27C1,#FF8888
TAP_DRIVE,R27C13,#DDDDDD
TAP_DRIVE,R27C31,#DDDDDD
TAP_DRIVE,R27C58,#DDDDDD
TAP_DRIVE,R27C78,#DDDDDD
TAP_DRIVE,R27C96,#DDDDDD
TAP_DRIVE,R27C114,#DDDDDD
CIB_LR,R27C125,#FF8888
PICR1_DQS0,R27C126,#88FFFF
PICL2_DQS1,R28C0,#88FFFF
CIB_LR,R28C1,#FF8888
TAP_DRIVE,R28C13,#DDDDDD
TAP_DRIVE,R28C31,#DDDDDD
TAP_DRIVE,R28C58,#DDDDDD
TAP_DRIVE,R28C78,#DDDDDD
TAP_DRIVE,R28C96,#DDDDDD
TAP_DRIVE,R28C114,#DDDDDD
CIB_LR,R28C125,#FF8888
PICR2_DQS1,R28C126,#88FFFF
PICL0_DQS2,R29C0,#88FFFF
CIB_LR,R29C1,#FF8888
TAP_DRIVE,R29C13,#DDDDDD
TAP_DRIVE,R29C31,#DDDDDD
TAP_DRIVE,R29C58,#DDDDDD
TAP_DRIVE,R29C78,#DDDDDD
TAP_DRIVE,R29C96,#DDDDDD
TAP_DRIVE,R29C114,#DDDDDD
CIB_LR,R29C125,#FF8888
PICR0_DQS2,R29C126,#88FFFF
PICL1_DQS3,R30C0,#88FFFF
CIB_LR,R30C1,#FF8888
TAP_DRIVE,R30C13,#DDDDDD
TAP_DRIVE,R30C31,#DDDDDD
TAP_DRIVE,R30C58,#DDDDDD
TAP_DRIVE,R30C78,#DDDDDD
TAP_DRIVE,R30C96,#DDDDDD
TAP_DRIVE,R30C114,#DDDDDD
CIB_LR,R30C125,#FF8888
PICR1_DQS3,R30C126,#88FFFF
PICL2,R31C0,#88FFFF
CIB_LR,R31C1,#FF8888
TAP_DRIVE,R31C13,#DDDDDD
TAP_DRIVE,R31C31,#DDDDDD
TAP_DRIVE,R31C58,#DDDDDD
TAP_DRIVE,R31C78,#DDDDDD
TAP_DRIVE,R31C96,#DDDDDD
TAP_DRIVE,R31C114,#DDDDDD
CIB_LR,R31C125,#FF8888
PICR2,R31C126,#88FFFF
PICL0,R32C0,#88FFFF
CIB_LR,R32C1,#FF8888
TAP_DRIVE,R32C13,#DDDDDD
TAP_DRIVE,R32C31,#DDDDDD
TAP_DRIVE,R32C58,#DDDDDD
TAP_DRIVE,R32C78,#DDDDDD
TAP_DRIVE,R32C96,#DDDDDD
TAP_DRIVE,R32C114,#DDDDDD
CIB_LR,R32C125,#FF8888
PICR0,R32C126,#88FFFF
PICL1,R33C0,#88FFFF
CIB_LR,R33C1,#FF8888
TAP_DRIVE,R33C13,#DDDDDD
TAP_DRIVE,R33C31,#DDDDDD
TAP_DRIVE,R33C58,#DDDDDD
TAP_DRIVE,R33C78,#DDDDDD
TAP_DRIVE,R33C96,#DDDDDD
TAP_DRIVE,R33C114,#DDDDDD
CIB_LR,R33C125,#FF8888
PICR1,R33C126,#88FFFF
DUMMY_TILE_7,R34C0,#FFFFFF
MIB_CIB_LR,R34C0,#888888
MIB_CIB_LRC,R34C0,#888888
CIB_LR_S,R34C1,#FF8888
DUMMY_TILE_S,R34C1,#FFFFFF
DUMMY_TILE_T,R34C1,#FFFFFF
CIB_DSP,R34C2,#FF8888
DUMMY_TILE_6,R34C2,#FFFFFF
DUMMY_TILE_T,R34C2,#FFFFFF
CIB_DSP,R34C3,#FF8888
DUMMY_TILE_6,R34C3,#FFFFFF
DUMMY_TILE_T,R34C3,#FFFFFF
CIB_DSP,R34C4,#FF8888
MIB2_DSP0,R34C4,#FFFF88
MIB_DSP0,R34C4,#FFFF88
CIB_DSP,R34C5,#FF8888
MIB2_DSP1,R34C5,#FFFF88
MIB_DSP1,R34C5,#FFFF88
CIB_DSP,R34C6,#FF8888
MIB2_DSP2,R34C6,#FFFF88
MIB_DSP2,R34C6,#FFFF88
CIB_DSP,R34C7,#FF8888
MIB2_DSP3,R34C7,#FFFF88
MIB_DSP3,R34C7,#FFFF88
CIB_DSP,R34C8,#FF8888
MIB2_DSP4,R34C8,#FFFF88
MIB_DSP4,R34C8,#FFFF88
CIB_DSP,R34C9,#FF8888
MIB2_DSP5,R34C9,#FFFF88
MIB_DSP5,R34C9,#FFFF88
CIB_DSP,R34C10,#FF8888
MIB2_DSP6,R34C10,#FFFF88
MIB_DSP6,R34C10,#FFFF88
CIB_DSP,R34C11,#FF8888
MIB2_DSP7,R34C11,#FFFF88
MIB_DSP7,R34C11,#FFFF88
CIB_DSP,R34C12,#FF8888
MIB2_DSP8,R34C12,#FFFF88
MIB_DSP8,R34C12,#FFFF88
CIB_DSP,R34C13,#FF8888
MIB2_DSP0,R34C13,#FFFF88
MIB_DSP0,R34C13,#FFFF88
DUMMY_TILE_E,R34C13,#FFFFFF
DUMMY_TILE_F,R34C13,#FFFFFF
TAP_DRIVE_CIB,R34C13,#DDDDDD
CIB_DSP,R34C14,#FF8888
MIB2_DSP1,R34C14,#FFFF88
MIB_DSP1,R34C14,#FFFF88
CIB_DSP,R34C15,#FF8888
MIB2_DSP2,R34C15,#FFFF88
MIB_DSP2,R34C15,#FFFF88
CIB_DSP,R34C16,#FF8888
MIB2_DSP3,R34C16,#FFFF88
MIB_DSP3,R34C16,#FFFF88
CIB_DSP,R34C17,#FF8888
MIB2_DSP4,R34C17,#FFFF88
MIB_DSP4,R34C17,#FFFF88
CIB_DSP,R34C18,#FF8888
MIB2_DSP5,R34C18,#FFFF88
MIB_DSP5,R34C18,#FFFF88
CIB_DSP,R34C19,#FF8888
MIB2_DSP6,R34C19,#FFFF88
MIB_DSP6,R34C19,#FFFF88
CIB_DSP,R34C20,#FF8888
MIB2_DSP7,R34C20,#FFFF88
MIB_DSP7,R34C20,#FFFF88
CIB_DSP,R34C21,#FF8888
MIB2_DSP8,R34C21,#FFFF88
MIB_DSP8,R34C21,#FFFF88
CIB_DSP,R34C22,#FF8888
MIB2_DSP0,R34C22,#FFFF88
MIB_DSP0,R34C22,#FFFF88
CIB_DSP,R34C23,#FF8888
MIB2_DSP1,R34C23,#FFFF88
MIB_DSP1,R34C23,#FFFF88
CIB_DSP,R34C24,#FF8888
MIB2_DSP2,R34C24,#FFFF88
MIB_DSP2,R34C24,#FFFF88
CIB_DSP,R34C25,#FF8888
MIB2_DSP3,R34C25,#FFFF88
MIB_DSP3,R34C25,#FFFF88
CIB_DSP,R34C26,#FF8888
MIB2_DSP4,R34C26,#FFFF88
MIB_DSP4,R34C26,#FFFF88
CIB_DSP,R34C27,#FF8888
MIB2_DSP5,R34C27,#FFFF88
MIB_DSP5,R34C27,#FFFF88
CIB_DSP,R34C28,#FF8888
MIB2_DSP6,R34C28,#FFFF88
MIB_DSP6,R34C28,#FFFF88
CIB_DSP,R34C29,#FF8888
MIB2_DSP7,R34C29,#FFFF88
MIB_DSP7,R34C29,#FFFF88
CIB_DSP,R34C30,#FF8888
MIB2_DSP8,R34C30,#FFFF88
MIB_DSP8,R34C30,#FFFF88
CIB_DSP,R34C31,#FF8888
MIB2_DSP0,R34C31,#FFFF88
MIB_DSP0,R34C31,#FFFF88
DUMMY_TILE_E,R34C31,#FFFFFF
DUMMY_TILE_F,R34C31,#FFFFFF
TAP_DRIVE_CIB,R34C31,#DDDDDD
CIB_DSP,R34C32,#FF8888
MIB2_DSP1,R34C32,#FFFF88
MIB_DSP1,R34C32,#FFFF88
CIB_DSP,R34C33,#FF8888
MIB2_DSP2,R34C33,#FFFF88
MIB_DSP2,R34C33,#FFFF88
CIB_DSP,R34C34,#FF8888
MIB2_DSP3,R34C34,#FFFF88
MIB_DSP3,R34C34,#FFFF88
CIB_DSP,R34C35,#FF8888
MIB2_DSP4,R34C35,#FFFF88
MIB_DSP4,R34C35,#FFFF88
CIB_DSP,R34C36,#FF8888
MIB2_DSP5,R34C36,#FFFF88
MIB_DSP5,R34C36,#FFFF88
CIB_DSP,R34C37,#FF8888
MIB2_DSP6,R34C37,#FFFF88
MIB_DSP6,R34C37,#FFFF88
CIB_DSP,R34C38,#FF8888
MIB2_DSP7,R34C38,#FFFF88
MIB_DSP7,R34C38,#FFFF88
CIB_DSP,R34C39,#FF8888
MIB2_DSP8,R34C39,#FFFF88
MIB_DSP8,R34C39,#FFFF88
CIB_DSP,R34C40,#FF8888
MIB2_DSP0,R34C40,#FFFF88
MIB_DSP0,R34C40,#FFFF88
CIB_DSP,R34C41,#FF8888
MIB2_DSP1,R34C41,#FFFF88
MIB_DSP1,R34C41,#FFFF88
CIB_DSP,R34C42,#FF8888
MIB2_DSP2,R34C42,#FFFF88
MIB_DSP2,R34C42,#FFFF88
CIB_DSP,R34C43,#FF8888
MIB2_DSP3,R34C43,#FFFF88
MIB_DSP3,R34C43,#FFFF88
CIB_DSP,R34C44,#FF8888
MIB2_DSP4,R34C44,#FFFF88
MIB_DSP4,R34C44,#FFFF88
CIB_DSP,R34C45,#FF8888
MIB2_DSP5,R34C45,#FFFF88
MIB_DSP5,R34C45,#FFFF88
CIB_DSP,R34C46,#FF8888
MIB2_DSP6,R34C46,#FFFF88
MIB_DSP6,R34C46,#FFFF88
CIB_DSP,R34C47,#FF8888
MIB2_DSP7,R34C47,#FFFF88
MIB_DSP7,R34C47,#FFFF88
CIB_DSP,R34C48,#FF8888
MIB2_DSP8,R34C48,#FFFF88
MIB_DSP8,R34C48,#FFFF88
CIB_DSP,R34C49,#FF8888
MIB2_DSP0,R34C49,#FFFF88
MIB_DSP0,R34C49,#FFFF88
CIB_DSP,R34C50,#FF8888
MIB2_DSP1,R34C50,#FFFF88
MIB_DSP1,R34C50,#FFFF88
CIB_DSP,R34C51,#FF8888
MIB2_DSP2,R34C51,#FFFF88
MIB_DSP2,R34C51,#FFFF88
CIB_DSP,R34C52,#FF8888
MIB2_DSP3,R34C52,#FFFF88
MIB_DSP3,R34C52,#FFFF88
CIB_DSP,R34C53,#FF8888
MIB2_DSP4,R34C53,#FFFF88
MIB_DSP4,R34C53,#FFFF88
CIB_DSP,R34C54,#FF8888
MIB2_DSP5,R34C54,#FFFF88
MIB_DSP5,R34C54,#FFFF88
CIB_DSP,R34C55,#FF8888
MIB2_DSP6,R34C55,#FFFF88
MIB_DSP6,R34C55,#FFFF88
CIB_DSP,R34C56,#FF8888
MIB2_DSP7,R34C56,#FFFF88
MIB_DSP7,R34C56,#FFFF88
CIB_DSP,R34C57,#FF8888
MIB2_DSP8,R34C57,#FFFF88
MIB_DSP8,R34C57,#FFFF88
CIB_DSP,R34C58,#FF8888
MIB2_DSP0,R34C58,#FFFF88
MIB_DSP0,R34C58,#FFFF88
DUMMY_TILE_E,R34C58,#FFFFFF
DUMMY_TILE_F,R34C58,#FFFFFF
TAP_DRIVE_CIB,R34C58,#DDDDDD
CIB_DSP,R34C59,#FF8888
MIB2_DSP1,R34C59,#FFFF88
MIB_DSP1,R34C59,#FFFF88
CIB_DSP,R34C60,#FF8888
MIB2_DSP2,R34C60,#FFFF88
MIB_DSP2,R34C60,#FFFF88
CIB_DSP,R34C61,#FF8888
MIB2_DSP3,R34C61,#FFFF88
MIB_DSP3,R34C61,#FFFF88
CIB_DSP,R34C62,#FF8888
MIB2_DSP4,R34C62,#FFFF88
MIB_DSP4,R34C62,#FFFF88
CIB_DSP,R34C63,#FF8888
MIB2_DSP5,R34C63,#FFFF88
MIB_DSP5,R34C63,#FFFF88
CIB_DSP,R34C64,#FF8888
MIB2_DSP6,R34C64,#FFFF88
MIB_DSP6,R34C64,#FFFF88
CIB_DSP,R34C65,#FF8888
MIB2_DSP7,R34C65,#FFFF88
MIB_DSP7,R34C65,#FFFF88
CIB_DSP,R34C66,#FF8888
MIB2_DSP8,R34C66,#FFFF88
MIB_DSP8,R34C66,#FFFF88
CIB_DSP,R34C67,#FF8888
DUMMY_TILE_6,R34C67,#FFFFFF
DUMMY_TILE_T,R34C67,#FFFFFF
CIB_DSP,R34C68,#FF8888
DUMMY_TILE_6,R34C68,#FFFFFF
DUMMY_TILE_T,R34C68,#FFFFFF
CIB_DSP,R34C69,#FF8888
MIB2_DSP0,R34C69,#FFFF88
MIB_DSP0,R34C69,#FFFF88
CIB_DSP,R34C70,#FF8888
MIB2_DSP1,R34C70,#FFFF88
MIB_DSP1,R34C70,#FFFF88
CIB_DSP,R34C71,#FF8888
MIB2_DSP2,R34C71,#FFFF88
MIB_DSP2,R34C71,#FFFF88
CIB_DSP,R34C72,#FF8888
MIB2_DSP3,R34C72,#FFFF88
MIB_DSP3,R34C72,#FFFF88
CIB_DSP,R34C73,#FF8888
MIB2_DSP4,R34C73,#FFFF88
MIB_DSP4,R34C73,#FFFF88
CIB_DSP,R34C74,#FF8888
MIB2_DSP5,R34C74,#FFFF88
MIB_DSP5,R34C74,#FFFF88
CIB_DSP,R34C75,#FF8888
MIB2_DSP6,R34C75,#FFFF88
MIB_DSP6,R34C75,#FFFF88
CIB_DSP,R34C76,#FF8888
MIB2_DSP7,R34C76,#FFFF88
MIB_DSP7,R34C76,#FFFF88
CIB_DSP,R34C77,#FF8888
MIB2_DSP8,R34C77,#FFFF88
MIB_DSP8,R34C77,#FFFF88
CIB_DSP,R34C78,#FF8888
MIB2_DSP0,R34C78,#FFFF88
MIB_DSP0,R34C78,#FFFF88
DUMMY_TILE_E,R34C78,#FFFFFF
DUMMY_TILE_F,R34C78,#FFFFFF
TAP_DRIVE_CIB,R34C78,#DDDDDD
CIB_DSP,R34C79,#FF8888
MIB2_DSP1,R34C79,#FFFF88
MIB_DSP1,R34C79,#FFFF88
CIB_DSP,R34C80,#FF8888
MIB2_DSP2,R34C80,#FFFF88
MIB_DSP2,R34C80,#FFFF88
CIB_DSP,R34C81,#FF8888
MIB2_DSP3,R34C81,#FFFF88
MIB_DSP3,R34C81,#FFFF88
CIB_DSP,R34C82,#FF8888
MIB2_DSP4,R34C82,#FFFF88
MIB_DSP4,R34C82,#FFFF88
CIB_DSP,R34C83,#FF8888
MIB2_DSP5,R34C83,#FFFF88
MIB_DSP5,R34C83,#FFFF88
CIB_DSP,R34C84,#FF8888
MIB2_DSP6,R34C84,#FFFF88
MIB_DSP6,R34C84,#FFFF88
CIB_DSP,R34C85,#FF8888
MIB2_DSP7,R34C85,#FFFF88
MIB_DSP7,R34C85,#FFFF88
CIB_DSP,R34C86,#FF8888
MIB2_DSP8,R34C86,#FFFF88
MIB_DSP8,R34C86,#FFFF88
CIB_DSP,R34C87,#FF8888
MIB2_DSP0,R34C87,#FFFF88
MIB_DSP0,R34C87,#FFFF88
CIB_DSP,R34C88,#FF8888
MIB2_DSP1,R34C88,#FFFF88
MIB_DSP1,R34C88,#FFFF88
CIB_DSP,R34C89,#FF8888
MIB2_DSP2,R34C89,#FFFF88
MIB_DSP2,R34C89,#FFFF88
CIB_DSP,R34C90,#FF8888
MIB2_DSP3,R34C90,#FFFF88
MIB_DSP3,R34C90,#FFFF88
CIB_DSP,R34C91,#FF8888
MIB2_DSP4,R34C91,#FFFF88
MIB_DSP4,R34C91,#FFFF88
CIB_DSP,R34C92,#FF8888
MIB2_DSP5,R34C92,#FFFF88
MIB_DSP5,R34C92,#FFFF88
CIB_DSP,R34C93,#FF8888
MIB2_DSP6,R34C93,#FFFF88
MIB_DSP6,R34C93,#FFFF88
CIB_DSP,R34C94,#FF8888
MIB2_DSP7,R34C94,#FFFF88
MIB_DSP7,R34C94,#FFFF88
CIB_DSP,R34C95,#FF8888
MIB2_DSP8,R34C95,#FFFF88
MIB_DSP8,R34C95,#FFFF88
CIB_DSP,R34C96,#FF8888
MIB2_DSP0,R34C96,#FFFF88
MIB_DSP0,R34C96,#FFFF88
DUMMY_TILE_E,R34C96,#FFFFFF
DUMMY_TILE_F,R34C96,#FFFFFF
TAP_DRIVE_CIB,R34C96,#DDDDDD
CIB_DSP,R34C97,#FF8888
MIB2_DSP1,R34C97,#FFFF88
MIB_DSP1,R34C97,#FFFF88
CIB_DSP,R34C98,#FF8888
MIB2_DSP2,R34C98,#FFFF88
MIB_DSP2,R34C98,#FFFF88
CIB_DSP,R34C99,#FF8888
MIB2_DSP3,R34C99,#FFFF88
MIB_DSP3,R34C99,#FFFF88
CIB_DSP,R34C100,#FF8888
MIB2_DSP4,R34C100,#FFFF88
MIB_DSP4,R34C100,#FFFF88
CIB_DSP,R34C101,#FF8888
MIB2_DSP5,R34C101,#FFFF88
MIB_DSP5,R34C101,#FFFF88
CIB_DSP,R34C102,#FF8888
MIB2_DSP6,R34C102,#FFFF88
MIB_DSP6,R34C102,#FFFF88
CIB_DSP,R34C103,#FF8888
MIB2_DSP7,R34C103,#FFFF88
MIB_DSP7,R34C103,#FFFF88
CIB_DSP,R34C104,#FF8888
MIB2_DSP8,R34C104,#FFFF88
MIB_DSP8,R34C104,#FFFF88
CIB_DSP,R34C105,#FF8888
MIB2_DSP0,R34C105,#FFFF88
MIB_DSP0,R34C105,#FFFF88
CIB_DSP,R34C106,#FF8888
MIB2_DSP1,R34C106,#FFFF88
MIB_DSP1,R34C106,#FFFF88
CIB_DSP,R34C107,#FF8888
MIB2_DSP2,R34C107,#FFFF88
MIB_DSP2,R34C107,#FFFF88
CIB_DSP,R34C108,#FF8888
MIB2_DSP3,R34C108,#FFFF88
MIB_DSP3,R34C108,#FFFF88
CIB_DSP,R34C109,#FF8888
MIB2_DSP4,R34C109,#FFFF88
MIB_DSP4,R34C109,#FFFF88
CIB_DSP,R34C110,#FF8888
MIB2_DSP5,R34C110,#FFFF88
MIB_DSP5,R34C110,#FFFF88
CIB_DSP,R34C111,#FF8888
MIB2_DSP6,R34C111,#FFFF88
MIB_DSP6,R34C111,#FFFF88
CIB_DSP,R34C112,#FF8888
MIB2_DSP7,R34C112,#FFFF88
MIB_DSP7,R34C112,#FFFF88
CIB_DSP,R34C113,#FF8888
MIB2_DSP8,R34C113,#FFFF88
MIB_DSP8,R34C113,#FFFF88
CIB_DSP,R34C114,#FF8888
MIB2_DSP0,R34C114,#FFFF88
MIB_DSP0,R34C114,#FFFF88
DUMMY_TILE_E,R34C114,#FFFFFF
DUMMY_TILE_F,R34C114,#FFFFFF
TAP_DRIVE_CIB,R34C114,#DDDDDD
CIB_DSP,R34C115,#FF8888
MIB2_DSP1,R34C115,#FFFF88
MIB_DSP1,R34C115,#FFFF88
CIB_DSP,R34C116,#FF8888
MIB2_DSP2,R34C116,#FFFF88
MIB_DSP2,R34C116,#FFFF88
CIB_DSP,R34C117,#FF8888
MIB2_DSP3,R34C117,#FFFF88
MIB_DSP3,R34C117,#FFFF88
CIB_DSP,R34C118,#FF8888
MIB2_DSP4,R34C118,#FFFF88
MIB_DSP4,R34C118,#FFFF88
CIB_DSP,R34C119,#FF8888
MIB2_DSP5,R34C119,#FFFF88
MIB_DSP5,R34C119,#FFFF88
CIB_DSP,R34C120,#FF8888
MIB2_DSP6,R34C120,#FFFF88
MIB_DSP6,R34C120,#FFFF88
CIB_DSP,R34C121,#FF8888
MIB2_DSP7,R34C121,#FFFF88
MIB_DSP7,R34C121,#FFFF88
CIB_DSP,R34C122,#FF8888
MIB2_DSP8,R34C122,#FFFF88
MIB_DSP8,R34C122,#FFFF88
CIB_DSP,R34C123,#FF8888
DUMMY_TILE_6,R34C123,#FFFFFF
DUMMY_TILE_T,R34C123,#FFFFFF
CIB_DSP,R34C124,#FF8888
DUMMY_TILE_6,R34C124,#FFFFFF
DUMMY_TILE_T,R34C124,#FFFFFF
CIB_LR_S,R34C125,#FF8888
DUMMY_TILE_S,R34C125,#FFFFFF
DUMMY_TILE_T,R34C125,#FFFFFF
DUMMY_TILE_7,R34C126,#FFFFFF
MIB_CIB_LRC_A,R34C126,#888888
MIB_CIB_LR_A,R34C126,#888888
PICL0,R35C0,#88FFFF
CIB_LR,R35C1,#FF8888
TAP_DRIVE,R35C13,#DDDDDD
TAP_DRIVE,R35C31,#DDDDDD
TAP_DRIVE,R35C58,#DDDDDD
TAP_DRIVE,R35C78,#DDDDDD
TAP_DRIVE,R35C96,#DDDDDD
TAP_DRIVE,R35C114,#DDDDDD
CIB_LR,R35C125,#FF8888
PICR0,R35C126,#88FFFF
PICL1,R36C0,#88FFFF
CIB_LR,R36C1,#FF8888
TAP_DRIVE,R36C13,#DDDDDD
TAP_DRIVE,R36C31,#DDDDDD
TAP_DRIVE,R36C58,#DDDDDD
TAP_DRIVE,R36C78,#DDDDDD
TAP_DRIVE,R36C96,#DDDDDD
TAP_DRIVE,R36C114,#DDDDDD
CIB_LR,R36C125,#FF8888
PICR1,R36C126,#88FFFF
PICL2,R37C0,#88FFFF
CIB_LR,R37C1,#FF8888
TAP_DRIVE,R37C13,#DDDDDD
TAP_DRIVE,R37C31,#DDDDDD
TAP_DRIVE,R37C58,#DDDDDD
TAP_DRIVE,R37C78,#DDDDDD
TAP_DRIVE,R37C96,#DDDDDD
TAP_DRIVE,R37C114,#DDDDDD
CIB_LR,R37C125,#FF8888
PICR2,R37C126,#88FFFF
PICL0,R38C0,#88FFFF
CIB_LR,R38C1,#FF8888
TAP_DRIVE,R38C13,#DDDDDD
TAP_DRIVE,R38C31,#DDDDDD
TAP_DRIVE,R38C58,#DDDDDD
TAP_DRIVE,R38C78,#DDDDDD
TAP_DRIVE,R38C96,#DDDDDD
TAP_DRIVE,R38C114,#DDDDDD
CIB_LR,R38C125,#FF8888
PICR0,R38C126,#88FFFF
PICL1_DQS0,R39C0,#88FFFF
CIB_LR,R39C1,#FF8888
TAP_DRIVE,R39C13,#DDDDDD
TAP_DRIVE,R39C31,#DDDDDD
TAP_DRIVE,R39C58,#DDDDDD
TAP_DRIVE,R39C78,#DDDDDD
TAP_DRIVE,R39C96,#DDDDDD
TAP_DRIVE,R39C114,#DDDDDD
CIB_LR,R39C125,#FF8888
PICR1_DQS0,R39C126,#88FFFF
PICL2_DQS1,R40C0,#88FFFF
CIB_LR,R40C1,#FF8888
TAP_DRIVE,R40C13,#DDDDDD
TAP_DRIVE,R40C31,#DDDDDD
TAP_DRIVE,R40C58,#DDDDDD
TAP_DRIVE,R40C78,#DDDDDD
TAP_DRIVE,R40C96,#DDDDDD
TAP_DRIVE,R40C114,#DDDDDD
CIB_LR,R40C125,#FF8888
PICR2_DQS1,R40C126,#88FFFF
PICL0_DQS2,R41C0,#88FFFF
CIB_LR,R41C1,#FF8888
TAP_DRIVE,R41C13,#DDDDDD
TAP_DRIVE,R41C31,#DDDDDD
TAP_DRIVE,R41C58,#DDDDDD
TAP_DRIVE,R41C78,#DDDDDD
TAP_DRIVE,R41C96,#DDDDDD
TAP_DRIVE,R41C114,#DDDDDD
CIB_LR,R41C125,#FF8888
PICR0_DQS2,R41C126,#88FFFF
PICL1_DQS3,R42C0,#88FFFF
CIB_LR,R42C1,#FF8888
TAP_DRIVE,R42C13,#DDDDDD
TAP_DRIVE,R42C31,#DDDDDD
TAP_DRIVE,R42C58,#DDDDDD
TAP_DRIVE,R42C78,#DDDDDD
TAP_DRIVE,R42C96,#DDDDDD
TAP_DRIVE,R42C114,#DDDDDD
CIB_LR,R42C125,#FF8888
PICR1_DQS3,R42C126,#88FFFF
PICL2,R43C0,#88FFFF
CIB_LR,R43C1,#FF8888
TAP_DRIVE,R43C13,#DDDDDD
TAP_DRIVE,R43C31,#DDDDDD
TAP_DRIVE,R43C58,#DDDDDD
TAP_DRIVE,R43C78,#DDDDDD
TAP_DRIVE,R43C96,#DDDDDD
TAP_DRIVE,R43C114,#DDDDDD
CIB_LR,R43C125,#FF8888
PICR2,R43C126,#88FFFF
PICL0,R44C0,#88FFFF
CIB_LR,R44C1,#FF8888
TAP_DRIVE,R44C13,#DDDDDD
TAP_DRIVE,R44C31,#DDDDDD
TAP_DRIVE,R44C58,#DDDDDD
TAP_DRIVE,R44C78,#DDDDDD
TAP_DRIVE,R44C96,#DDDDDD
TAP_DRIVE,R44C114,#DDDDDD
CIB_LR,R44C125,#FF8888
PICR0,R44C126,#88FFFF
PICL1,R45C0,#88FFFF
CIB_LR,R45C1,#FF8888
TAP_DRIVE,R45C13,#DDDDDD
TAP_DRIVE,R45C31,#DDDDDD
TAP_DRIVE,R45C58,#DDDDDD
TAP_DRIVE,R45C78,#DDDDDD
TAP_DRIVE,R45C96,#DDDDDD
TAP_DRIVE,R45C114,#DDDDDD
CIB_LR,R45C125,#FF8888
PICR1,R45C126,#88FFFF
MIB_CIB_LR,R46C0,#888888
MIB_CIB_LRC,R46C0,#888888
CIB_LR_S,R46C1,#FF8888
DUMMY_TILE_S,R46C1,#FFFFFF
CIB_EBR,R46C2,#FF8888
ECLK_L,R46C2,#888888
CIB_EBR,R46C3,#FF8888
LMID_0,R46C3,#888888
CIB_EBR,R46C4,#FF8888
MIB_EBR0,R46C4,#FF88FF
CIB_EBR,R46C5,#FF8888
MIB_EBR1,R46C5,#FF88FF
CIB_EBR,R46C6,#FF8888
MIB_EBR2,R46C6,#FF88FF
CIB_EBR,R46C7,#FF8888
MIB_EBR3,R46C7,#FF88FF
CIB_EBR,R46C8,#FF8888
MIB_EBR4,R46C8,#FF88FF
CIB_EBR,R46C9,#FF8888
MIB_EBR5,R46C9,#FF88FF
CIB_EBR,R46C10,#FF8888
MIB_EBR6,R46C10,#FF88FF
CIB_EBR,R46C11,#FF8888
MIB_EBR7,R46C11,#FF88FF
CIB_EBR,R46C12,#FF8888
MIB_EBR8,R46C12,#FF88FF
CIB_EBR,R46C13,#FF8888
MIB_EBR0,R46C13,#FF88FF
DUMMY_TILE_E,R46C13,#FFFFFF
TAP_DRIVE_CIB,R46C13,#DDDDDD
CIB_EBR,R46C14,#FF8888
MIB_EBR1,R46C14,#FF88FF
CIB_EBR,R46C15,#FF8888
MIB_EBR2,R46C15,#FF88FF
CIB_EBR,R46C16,#FF8888
MIB_EBR3,R46C16,#FF88FF
CIB_EBR,R46C17,#FF8888
MIB_EBR4,R46C17,#FF88FF
CIB_EBR,R46C18,#FF8888
MIB_EBR5,R46C18,#FF88FF
CIB_EBR,R46C19,#FF8888
MIB_EBR6,R46C19,#FF88FF
CIB_EBR,R46C20,#FF8888
MIB_EBR7,R46C20,#FF88FF
CIB_EBR,R46C21,#FF8888
MIB_EBR8,R46C21,#FF88FF
CIB_EBR,R46C22,#FF8888
MIB_EBR0,R46C22,#FF88FF
CIB_EBR,R46C23,#FF8888
MIB_EBR1,R46C23,#FF88FF
CIB_EBR,R46C24,#FF8888
MIB_EBR2,R46C24,#FF88FF
CIB_EBR,R46C25,#FF8888
MIB_EBR3,R46C25,#FF88FF
CIB_EBR,R46C26,#FF8888
MIB_EBR4,R46C26,#FF88FF
CIB_EBR,R46C27,#FF8888
MIB_EBR5,R46C27,#FF88FF
CIB_EBR,R46C28,#FF8888
MIB_EBR6,R46C28,#FF88FF
CIB_EBR,R46C29,#FF8888
MIB_EBR7,R46C29,#FF88FF
CIB_EBR,R46C30,#FF8888
MIB_EBR8,R46C30,#FF88FF
CIB_EBR,R46C31,#FF8888
MIB_EBR0,R46C31,#FF88FF
DUMMY_TILE_E,R46C31,#FFFFFF
TAP_DRIVE_CIB,R46C31,#DDDDDD
CIB_EBR,R46C32,#FF8888
MIB_EBR1,R46C32,#FF88FF
CIB_EBR,R46C33,#FF8888
MIB_EBR2,R46C33,#FF88FF
CIB_EBR,R46C34,#FF8888
MIB_EBR3,R46C34,#FF88FF
CIB_EBR,R46C35,#FF8888
MIB_EBR4,R46C35,#FF88FF
CIB_EBR,R46C36,#FF8888
MIB_EBR5,R46C36,#FF88FF
CIB_EBR,R46C37,#FF8888
MIB_EBR6,R46C37,#FF88FF
CIB_EBR,R46C38,#FF8888
MIB_EBR7,R46C38,#FF88FF
CIB_EBR,R46C39,#FF8888
MIB_EBR8,R46C39,#FF88FF
CIB_EBR,R46C40,#FF8888
MIB_EBR0,R46C40,#FF88FF
CIB_EBR,R46C41,#FF8888
MIB_EBR1,R46C41,#FF88FF
CIB_EBR,R46C42,#FF8888
MIB_EBR2,R46C42,#FF88FF
CIB_EBR,R46C43,#FF8888
MIB_EBR3,R46C43,#FF88FF
CIB_EBR,R46C44,#FF8888
MIB_EBR4,R46C44,#FF88FF
CIB_EBR,R46C45,#FF8888
MIB_EBR5,R46C45,#FF88FF
CIB_EBR,R46C46,#FF8888
MIB_EBR6,R46C46,#FF88FF
CIB_EBR,R46C47,#FF8888
MIB_EBR7,R46C47,#FF88FF
CIB_EBR,R46C48,#FF8888
MIB_EBR8,R46C48,#FF88FF
CIB_EBR,R46C49,#FF8888
MIB_EBR0,R46C49,#FF88FF
CIB_EBR,R46C50,#FF8888
MIB_EBR1,R46C50,#FF88FF
CIB_EBR,R46C51,#FF8888
MIB_EBR2,R46C51,#FF88FF
CIB_EBR,R46C52,#FF8888
MIB_EBR3,R46C52,#FF88FF
CIB_EBR,R46C53,#FF8888
MIB_EBR4,R46C53,#FF88FF
CIB_EBR,R46C54,#FF8888
MIB_EBR5,R46C54,#FF88FF
CIB_EBR,R46C55,#FF8888
MIB_EBR6,R46C55,#FF88FF
CIB_EBR,R46C56,#FF8888
MIB_EBR7,R46C56,#FF88FF
CIB_EBR,R46C57,#FF8888
MIB_EBR8,R46C57,#FF88FF
CIB_EBR,R46C58,#FF8888
MIB_EBR0,R46C58,#FF88FF
DUMMY_TILE_E,R46C58,#FFFFFF
TAP_DRIVE_CIB,R46C58,#DDDDDD
CIB_EBR,R46C59,#FF8888
MIB_EBR1,R46C59,#FF88FF
CIB_EBR,R46C60,#FF8888
MIB_EBR2,R46C60,#FF88FF
CIB_EBR,R46C61,#FF8888
MIB_EBR3,R46C61,#FF88FF
CIB_EBR,R46C62,#FF8888
MIB_EBR4,R46C62,#FF88FF
CIB_EBR,R46C63,#FF8888
MIB_EBR5,R46C63,#FF88FF
CIB_EBR,R46C64,#FF8888
MIB_EBR6,R46C64,#FF88FF
CIB_EBR,R46C65,#FF8888
MIB_EBR7,R46C65,#FF88FF
CIB_EBR,R46C66,#FF8888
MIB_EBR8,R46C66,#FF88FF
CIB_EBR,R46C67,#FF8888
DUMMY_TILE_6,R46C67,#FFFFFF
CIB_EBR,R46C68,#FF8888
VIQ_BUF,R46C68,#888888
CIB_EBR,R46C69,#FF8888
MIB_EBR0,R46C69,#FF88FF
CIB_EBR,R46C70,#FF8888
MIB_EBR1,R46C70,#FF88FF
CIB_EBR,R46C71,#FF8888
MIB_EBR2,R46C71,#FF88FF
CIB_EBR,R46C72,#FF8888
MIB_EBR3,R46C72,#FF88FF
CIB_EBR,R46C73,#FF8888
MIB_EBR4,R46C73,#FF88FF
CIB_EBR,R46C74,#FF8888
MIB_EBR5,R46C74,#FF88FF
CIB_EBR,R46C75,#FF8888
MIB_EBR6,R46C75,#FF88FF
CIB_EBR,R46C76,#FF8888
MIB_EBR7,R46C76,#FF88FF
CIB_EBR,R46C77,#FF8888
MIB_EBR8,R46C77,#FF88FF
CIB_EBR,R46C78,#FF8888
MIB_EBR0,R46C78,#FF88FF
DUMMY_TILE_E,R46C78,#FFFFFF
TAP_DRIVE_CIB,R46C78,#DDDDDD
CIB_EBR,R46C79,#FF8888
MIB_EBR1,R46C79,#FF88FF
CIB_EBR,R46C80,#FF8888
MIB_EBR2,R46C80,#FF88FF
CIB_EBR,R46C81,#FF8888
MIB_EBR3,R46C81,#FF88FF
CIB_EBR,R46C82,#FF8888
MIB_EBR4,R46C82,#FF88FF
CIB_EBR,R46C83,#FF8888
MIB_EBR5,R46C83,#FF88FF
CIB_EBR,R46C84,#FF8888
MIB_EBR6,R46C84,#FF88FF
CIB_EBR,R46C85,#FF8888
MIB_EBR7,R46C85,#FF88FF
CIB_EBR,R46C86,#FF8888
MIB_EBR8,R46C86,#FF88FF
CIB_EBR,R46C87,#FF8888
MIB_EBR0,R46C87,#FF88FF
CIB_EBR,R46C88,#FF8888
MIB_EBR1,R46C88,#FF88FF
CIB_EBR,R46C89,#FF8888
MIB_EBR2,R46C89,#FF88FF
CIB_EBR,R46C90,#FF8888
MIB_EBR3,R46C90,#FF88FF
CIB_EBR,R46C91,#FF8888
MIB_EBR4,R46C91,#FF88FF
CIB_EBR,R46C92,#FF8888
MIB_EBR5,R46C92,#FF88FF
CIB_EBR,R46C93,#FF8888
MIB_EBR6,R46C93,#FF88FF
CIB_EBR,R46C94,#FF8888
MIB_EBR7,R46C94,#FF88FF
CIB_EBR,R46C95,#FF8888
MIB_EBR8,R46C95,#FF88FF
CIB_EBR,R46C96,#FF8888
MIB_EBR0,R46C96,#FF88FF
DUMMY_TILE_E,R46C96,#FFFFFF
TAP_DRIVE_CIB,R46C96,#DDDDDD
CIB_EBR,R46C97,#FF8888
MIB_EBR1,R46C97,#FF88FF
CIB_EBR,R46C98,#FF8888
MIB_EBR2,R46C98,#FF88FF
CIB_EBR,R46C99,#FF8888
MIB_EBR3,R46C99,#FF88FF
CIB_EBR,R46C100,#FF8888
MIB_EBR4,R46C100,#FF88FF
CIB_EBR,R46C101,#FF8888
MIB_EBR5,R46C101,#FF88FF
CIB_EBR,R46C102,#FF8888
MIB_EBR6,R46C102,#FF88FF
CIB_EBR,R46C103,#FF8888
MIB_EBR7,R46C103,#FF88FF
CIB_EBR,R46C104,#FF8888
MIB_EBR8,R46C104,#FF88FF
CIB_EBR,R46C105,#FF8888
MIB_EBR0,R46C105,#FF88FF
CIB_EBR,R46C106,#FF8888
MIB_EBR1,R46C106,#FF88FF
CIB_EBR,R46C107,#FF8888
MIB_EBR2,R46C107,#FF88FF
CIB_EBR,R46C108,#FF8888
MIB_EBR3,R46C108,#FF88FF
CIB_EBR,R46C109,#FF8888
MIB_EBR4,R46C109,#FF88FF
CIB_EBR,R46C110,#FF8888
MIB_EBR5,R46C110,#FF88FF
CIB_EBR,R46C111,#FF8888
MIB_EBR6,R46C111,#FF88FF
CIB_EBR,R46C112,#FF8888
MIB_EBR7,R46C112,#FF88FF
CIB_EBR,R46C113,#FF8888
MIB_EBR8,R46C113,#FF88FF
CIB_EBR,R46C114,#FF8888
MIB_EBR0,R46C114,#FF88FF
DUMMY_TILE_E,R46C114,#FFFFFF
TAP_DRIVE_CIB,R46C114,#DDDDDD
CIB_EBR,R46C115,#FF8888
MIB_EBR1,R46C115,#FF88FF
CIB_EBR,R46C116,#FF8888
MIB_EBR2,R46C116,#FF88FF
CIB_EBR,R46C117,#FF8888
MIB_EBR3,R46C117,#FF88FF
CIB_EBR,R46C118,#FF8888
MIB_EBR4,R46C118,#FF88FF
CIB_EBR,R46C119,#FF8888
MIB_EBR5,R46C119,#FF88FF
CIB_EBR,R46C120,#FF8888
MIB_EBR6,R46C120,#FF88FF
CIB_EBR,R46C121,#FF8888
MIB_EBR7,R46C121,#FF88FF
CIB_EBR,R46C122,#FF8888
MIB_EBR8,R46C122,#FF88FF
CIB_EBR,R46C123,#FF8888
RMID_0,R46C123,#888888
CIB_EBR,R46C124,#FF8888
ECLK_R,R46C124,#888888
CIB_LR_S,R46C125,#FF8888
DUMMY_TILE_S,R46C125,#FFFFFF
MIB_CIB_LRC_A,R46C126,#888888
MIB_CIB_LR_A,R46C126,#888888
PICL0,R47C0,#88FFFF
CIB_LR,R47C1,#FF8888
TAP_DRIVE,R47C13,#DDDDDD
TAP_DRIVE,R47C31,#DDDDDD
TAP_DRIVE,R47C58,#DDDDDD
TAP_DRIVE,R47C78,#DDDDDD
TAP_DRIVE,R47C96,#DDDDDD
TAP_DRIVE,R47C114,#DDDDDD
CIB_LR,R47C125,#FF8888
PICR0,R47C126,#88FFFF
PICL1,R48C0,#88FFFF
CIB_LR,R48C1,#FF8888
TAP_DRIVE,R48C13,#DDDDDD
TAP_DRIVE,R48C31,#DDDDDD
TAP_DRIVE,R48C58,#DDDDDD
TAP_DRIVE,R48C78,#DDDDDD
TAP_DRIVE,R48C96,#DDDDDD
TAP_DRIVE,R48C114,#DDDDDD
CIB_LR,R48C125,#FF8888
PICR1,R48C126,#88FFFF
PICL2,R49C0,#88FFFF
CIB_LR,R49C1,#FF8888
TAP_DRIVE,R49C13,#DDDDDD
TAP_DRIVE,R49C31,#DDDDDD
TAP_DRIVE,R49C58,#DDDDDD
TAP_DRIVE,R49C78,#DDDDDD
TAP_DRIVE,R49C96,#DDDDDD
TAP_DRIVE,R49C114,#DDDDDD
CIB_LR,R49C125,#FF8888
PICR2,R49C126,#88FFFF
PICL0,R50C0,#88FFFF
CIB_LR,R50C1,#FF8888
TAP_DRIVE,R50C13,#DDDDDD
TAP_DRIVE,R50C31,#DDDDDD
TAP_DRIVE,R50C58,#DDDDDD
TAP_DRIVE,R50C78,#DDDDDD
TAP_DRIVE,R50C96,#DDDDDD
TAP_DRIVE,R50C114,#DDDDDD
CIB_LR,R50C125,#FF8888
PICR0,R50C126,#88FFFF
PICL1_DQS0,R51C0,#88FFFF
CIB_LR,R51C1,#FF8888
TAP_DRIVE,R51C13,#DDDDDD
TAP_DRIVE,R51C31,#DDDDDD
TAP_DRIVE,R51C58,#DDDDDD
TAP_DRIVE,R51C78,#DDDDDD
TAP_DRIVE,R51C96,#DDDDDD
TAP_DRIVE,R51C114,#DDDDDD
CIB_LR,R51C125,#FF8888
PICR1_DQS0,R51C126,#88FFFF
PICL2_DQS1,R52C0,#88FFFF
CIB_LR,R52C1,#FF8888
TAP_DRIVE,R52C13,#DDDDDD
TAP_DRIVE,R52C31,#DDDDDD
TAP_DRIVE,R52C58,#DDDDDD
TAP_DRIVE,R52C78,#DDDDDD
TAP_DRIVE,R52C96,#DDDDDD
TAP_DRIVE,R52C114,#DDDDDD
CIB_LR,R52C125,#FF8888
PICR2_DQS1,R52C126,#88FFFF
PICL0_DQS2,R53C0,#88FFFF
CIB_LR,R53C1,#FF8888
TAP_DRIVE,R53C13,#DDDDDD
TAP_DRIVE,R53C31,#DDDDDD
TAP_DRIVE,R53C58,#DDDDDD
TAP_DRIVE,R53C78,#DDDDDD
TAP_DRIVE,R53C96,#DDDDDD
TAP_DRIVE,R53C114,#DDDDDD
CIB_LR,R53C125,#FF8888
PICR0_DQS2,R53C126,#88FFFF
PICL1_DQS3,R54C0,#88FFFF
CIB_LR,R54C1,#FF8888
TAP_DRIVE,R54C13,#DDDDDD
TAP_DRIVE,R54C31,#DDDDDD
TAP_DRIVE,R54C58,#DDDDDD
TAP_DRIVE,R54C78,#DDDDDD
TAP_DRIVE,R54C96,#DDDDDD
TAP_DRIVE,R54C114,#DDDDDD
CIB_LR,R54C125,#FF8888
PICR1_DQS3,R54C126,#88FFFF
PICL2,R55C0,#88FFFF
CIB_LR,R55C1,#FF8888
TAP_DRIVE,R55C13,#DDDDDD
TAP_DRIVE,R55C31,#DDDDDD
TAP_DRIVE,R55C58,#DDDDDD
TAP_DRIVE,R55C78,#DDDDDD
TAP_DRIVE,R55C96,#DDDDDD
TAP_DRIVE,R55C114,#DDDDDD
CIB_LR,R55C125,#FF8888
PICR2,R55C126,#88FFFF
PICL0,R56C0,#88FFFF
CIB_LR,R56C1,#FF8888
TAP_DRIVE,R56C13,#DDDDDD
TAP_DRIVE,R56C31,#DDDDDD
TAP_DRIVE,R56C58,#DDDDDD
TAP_DRIVE,R56C78,#DDDDDD
TAP_DRIVE,R56C96,#DDDDDD
TAP_DRIVE,R56C114,#DDDDDD
CIB_LR,R56C125,#FF8888
PICR0,R56C126,#88FFFF
PICL1,R57C0,#88FFFF
CIB_LR,R57C1,#FF8888
TAP_DRIVE,R57C13,#DDDDDD
TAP_DRIVE,R57C31,#DDDDDD
TAP_DRIVE,R57C58,#DDDDDD
TAP_DRIVE,R57C78,#DDDDDD
TAP_DRIVE,R57C96,#DDDDDD
TAP_DRIVE,R57C114,#DDDDDD
CIB_LR,R57C125,#FF8888
PICR1,R57C126,#88FFFF
DUMMY_TILE_7,R58C0,#FFFFFF
MIB_CIB_LR,R58C0,#888888
MIB_CIB_LRC,R58C0,#888888
CIB_LR_S,R58C1,#FF8888
DUMMY_TILE_S,R58C1,#FFFFFF
DUMMY_TILE_T,R58C1,#FFFFFF
CIB_DSP,R58C2,#FF8888
DUMMY_TILE_6,R58C2,#FFFFFF
DUMMY_TILE_T,R58C2,#FFFFFF
CIB_DSP,R58C3,#FF8888
DUMMY_TILE_6,R58C3,#FFFFFF
DUMMY_TILE_T,R58C3,#FFFFFF
CIB_DSP,R58C4,#FF8888
MIB2_DSP0,R58C4,#FFFF88
MIB_DSP0,R58C4,#FFFF88
CIB_DSP,R58C5,#FF8888
MIB2_DSP1,R58C5,#FFFF88
MIB_DSP1,R58C5,#FFFF88
CIB_DSP,R58C6,#FF8888
MIB2_DSP2,R58C6,#FFFF88
MIB_DSP2,R58C6,#FFFF88
CIB_DSP,R58C7,#FF8888
MIB2_DSP3,R58C7,#FFFF88
MIB_DSP3,R58C7,#FFFF88
CIB_DSP,R58C8,#FF8888
MIB2_DSP4,R58C8,#FFFF88
MIB_DSP4,R58C8,#FFFF88
CIB_DSP,R58C9,#FF8888
MIB2_DSP5,R58C9,#FFFF88
MIB_DSP5,R58C9,#FFFF88
CIB_DSP,R58C10,#FF8888
MIB2_DSP6,R58C10,#FFFF88
MIB_DSP6,R58C10,#FFFF88
CIB_DSP,R58C11,#FF8888
MIB2_DSP7,R58C11,#FFFF88
MIB_DSP7,R58C11,#FFFF88
CIB_DSP,R58C12,#FF8888
MIB2_DSP8,R58C12,#FFFF88
MIB_DSP8,R58C12,#FFFF88
CIB_DSP,R58C13,#FF8888
MIB2_DSP0,R58C13,#FFFF88
MIB_DSP0,R58C13,#FFFF88
DUMMY_TILE_E,R58C13,#FFFFFF
DUMMY_TILE_F,R58C13,#FFFFFF
TAP_DRIVE_CIB,R58C13,#DDDDDD
CIB_DSP,R58C14,#FF8888
MIB2_DSP1,R58C14,#FFFF88
MIB_DSP1,R58C14,#FFFF88
CIB_DSP,R58C15,#FF8888
MIB2_DSP2,R58C15,#FFFF88
MIB_DSP2,R58C15,#FFFF88
CIB_DSP,R58C16,#FF8888
MIB2_DSP3,R58C16,#FFFF88
MIB_DSP3,R58C16,#FFFF88
CIB_DSP,R58C17,#FF8888
MIB2_DSP4,R58C17,#FFFF88
MIB_DSP4,R58C17,#FFFF88
CIB_DSP,R58C18,#FF8888
MIB2_DSP5,R58C18,#FFFF88
MIB_DSP5,R58C18,#FFFF88
CIB_DSP,R58C19,#FF8888
MIB2_DSP6,R58C19,#FFFF88
MIB_DSP6,R58C19,#FFFF88
CIB_DSP,R58C20,#FF8888
MIB2_DSP7,R58C20,#FFFF88
MIB_DSP7,R58C20,#FFFF88
CIB_DSP,R58C21,#FF8888
MIB2_DSP8,R58C21,#FFFF88
MIB_DSP8,R58C21,#FFFF88
CIB_DSP,R58C22,#FF8888
MIB2_DSP0,R58C22,#FFFF88
MIB_DSP0,R58C22,#FFFF88
CIB_DSP,R58C23,#FF8888
MIB2_DSP1,R58C23,#FFFF88
MIB_DSP1,R58C23,#FFFF88
CIB_DSP,R58C24,#FF8888
MIB2_DSP2,R58C24,#FFFF88
MIB_DSP2,R58C24,#FFFF88
CIB_DSP,R58C25,#FF8888
MIB2_DSP3,R58C25,#FFFF88
MIB_DSP3,R58C25,#FFFF88
CIB_DSP,R58C26,#FF8888
MIB2_DSP4,R58C26,#FFFF88
MIB_DSP4,R58C26,#FFFF88
CIB_DSP,R58C27,#FF8888
MIB2_DSP5,R58C27,#FFFF88
MIB_DSP5,R58C27,#FFFF88
CIB_DSP,R58C28,#FF8888
MIB2_DSP6,R58C28,#FFFF88
MIB_DSP6,R58C28,#FFFF88
CIB_DSP,R58C29,#FF8888
MIB2_DSP7,R58C29,#FFFF88
MIB_DSP7,R58C29,#FFFF88
CIB_DSP,R58C30,#FF8888
MIB2_DSP8,R58C30,#FFFF88
MIB_DSP8,R58C30,#FFFF88
CIB_DSP,R58C31,#FF8888
MIB2_DSP0,R58C31,#FFFF88
MIB_DSP0,R58C31,#FFFF88
DUMMY_TILE_E,R58C31,#FFFFFF
DUMMY_TILE_F,R58C31,#FFFFFF
TAP_DRIVE_CIB,R58C31,#DDDDDD
CIB_DSP,R58C32,#FF8888
MIB2_DSP1,R58C32,#FFFF88
MIB_DSP1,R58C32,#FFFF88
CIB_DSP,R58C33,#FF8888
MIB2_DSP2,R58C33,#FFFF88
MIB_DSP2,R58C33,#FFFF88
CIB_DSP,R58C34,#FF8888
MIB2_DSP3,R58C34,#FFFF88
MIB_DSP3,R58C34,#FFFF88
CIB_DSP,R58C35,#FF8888
MIB2_DSP4,R58C35,#FFFF88
MIB_DSP4,R58C35,#FFFF88
CIB_DSP,R58C36,#FF8888
MIB2_DSP5,R58C36,#FFFF88
MIB_DSP5,R58C36,#FFFF88
CIB_DSP,R58C37,#FF8888
MIB2_DSP6,R58C37,#FFFF88
MIB_DSP6,R58C37,#FFFF88
CIB_DSP,R58C38,#FF8888
MIB2_DSP7,R58C38,#FFFF88
MIB_DSP7,R58C38,#FFFF88
CIB_DSP,R58C39,#FF8888
MIB2_DSP8,R58C39,#FFFF88
MIB_DSP8,R58C39,#FFFF88
CIB_DSP,R58C40,#FF8888
MIB2_DSP0,R58C40,#FFFF88
MIB_DSP0,R58C40,#FFFF88
CIB_DSP,R58C41,#FF8888
MIB2_DSP1,R58C41,#FFFF88
MIB_DSP1,R58C41,#FFFF88
CIB_DSP,R58C42,#FF8888
MIB2_DSP2,R58C42,#FFFF88
MIB_DSP2,R58C42,#FFFF88
CIB_DSP,R58C43,#FF8888
MIB2_DSP3,R58C43,#FFFF88
MIB_DSP3,R58C43,#FFFF88
CIB_DSP,R58C44,#FF8888
MIB2_DSP4,R58C44,#FFFF88
MIB_DSP4,R58C44,#FFFF88
CIB_DSP,R58C45,#FF8888
MIB2_DSP5,R58C45,#FFFF88
MIB_DSP5,R58C45,#FFFF88
CIB_DSP,R58C46,#FF8888
MIB2_DSP6,R58C46,#FFFF88
MIB_DSP6,R58C46,#FFFF88
CIB_DSP,R58C47,#FF8888
MIB2_DSP7,R58C47,#FFFF88
MIB_DSP7,R58C47,#FFFF88
CIB_DSP,R58C48,#FF8888
MIB2_DSP8,R58C48,#FFFF88
MIB_DSP8,R58C48,#FFFF88
CIB_DSP,R58C49,#FF8888
MIB2_DSP0,R58C49,#FFFF88
MIB_DSP0,R58C49,#FFFF88
CIB_DSP,R58C50,#FF8888
MIB2_DSP1,R58C50,#FFFF88
MIB_DSP1,R58C50,#FFFF88
CIB_DSP,R58C51,#FF8888
MIB2_DSP2,R58C51,#FFFF88
MIB_DSP2,R58C51,#FFFF88
CIB_DSP,R58C52,#FF8888
MIB2_DSP3,R58C52,#FFFF88
MIB_DSP3,R58C52,#FFFF88
CIB_DSP,R58C53,#FF8888
MIB2_DSP4,R58C53,#FFFF88
MIB_DSP4,R58C53,#FFFF88
CIB_DSP,R58C54,#FF8888
MIB2_DSP5,R58C54,#FFFF88
MIB_DSP5,R58C54,#FFFF88
CIB_DSP,R58C55,#FF8888
MIB2_DSP6,R58C55,#FFFF88
MIB_DSP6,R58C55,#FFFF88
CIB_DSP,R58C56,#FF8888
MIB2_DSP7,R58C56,#FFFF88
MIB_DSP7,R58C56,#FFFF88
CIB_DSP,R58C57,#FF8888
MIB2_DSP8,R58C57,#FFFF88
MIB_DSP8,R58C57,#FFFF88
CIB_DSP,R58C58,#FF8888
MIB2_DSP0,R58C58,#FFFF88
MIB_DSP0,R58C58,#FFFF88
DUMMY_TILE_E,R58C58,#FFFFFF
DUMMY_TILE_F,R58C58,#FFFFFF
TAP_DRIVE_CIB,R58C58,#DDDDDD
CIB_DSP,R58C59,#FF8888
MIB2_DSP1,R58C59,#FFFF88
MIB_DSP1,R58C59,#FFFF88
CIB_DSP,R58C60,#FF8888
MIB2_DSP2,R58C60,#FFFF88
MIB_DSP2,R58C60,#FFFF88
CIB_DSP,R58C61,#FF8888
MIB2_DSP3,R58C61,#FFFF88
MIB_DSP3,R58C61,#FFFF88
CIB_DSP,R58C62,#FF8888
MIB2_DSP4,R58C62,#FFFF88
MIB_DSP4,R58C62,#FFFF88
CIB_DSP,R58C63,#FF8888
MIB2_DSP5,R58C63,#FFFF88
MIB_DSP5,R58C63,#FFFF88
CIB_DSP,R58C64,#FF8888
MIB2_DSP6,R58C64,#FFFF88
MIB_DSP6,R58C64,#FFFF88
CIB_DSP,R58C65,#FF8888
MIB2_DSP7,R58C65,#FFFF88
MIB_DSP7,R58C65,#FFFF88
CIB_DSP,R58C66,#FF8888
MIB2_DSP8,R58C66,#FFFF88
MIB_DSP8,R58C66,#FFFF88
CIB_DSP,R58C67,#FF8888
DUMMY_TILE_6,R58C67,#FFFFFF
DUMMY_TILE_T,R58C67,#FFFFFF
CIB_DSP,R58C68,#FF8888
DUMMY_TILE_6,R58C68,#FFFFFF
DUMMY_TILE_T,R58C68,#FFFFFF
CIB_DSP,R58C69,#FF8888
MIB2_DSP0,R58C69,#FFFF88
MIB_DSP0,R58C69,#FFFF88
CIB_DSP,R58C70,#FF8888
MIB2_DSP1,R58C70,#FFFF88
MIB_DSP1,R58C70,#FFFF88
CIB_DSP,R58C71,#FF8888
MIB2_DSP2,R58C71,#FFFF88
MIB_DSP2,R58C71,#FFFF88
CIB_DSP,R58C72,#FF8888
MIB2_DSP3,R58C72,#FFFF88
MIB_DSP3,R58C72,#FFFF88
CIB_DSP,R58C73,#FF8888
MIB2_DSP4,R58C73,#FFFF88
MIB_DSP4,R58C73,#FFFF88
CIB_DSP,R58C74,#FF8888
MIB2_DSP5,R58C74,#FFFF88
MIB_DSP5,R58C74,#FFFF88
CIB_DSP,R58C75,#FF8888
MIB2_DSP6,R58C75,#FFFF88
MIB_DSP6,R58C75,#FFFF88
CIB_DSP,R58C76,#FF8888
MIB2_DSP7,R58C76,#FFFF88
MIB_DSP7,R58C76,#FFFF88
CIB_DSP,R58C77,#FF8888
MIB2_DSP8,R58C77,#FFFF88
MIB_DSP8,R58C77,#FFFF88
CIB_DSP,R58C78,#FF8888
MIB2_DSP0,R58C78,#FFFF88
MIB_DSP0,R58C78,#FFFF88
DUMMY_TILE_E,R58C78,#FFFFFF
DUMMY_TILE_F,R58C78,#FFFFFF
TAP_DRIVE_CIB,R58C78,#DDDDDD
CIB_DSP,R58C79,#FF8888
MIB2_DSP1,R58C79,#FFFF88
MIB_DSP1,R58C79,#FFFF88
CIB_DSP,R58C80,#FF8888
MIB2_DSP2,R58C80,#FFFF88
MIB_DSP2,R58C80,#FFFF88
CIB_DSP,R58C81,#FF8888
MIB2_DSP3,R58C81,#FFFF88
MIB_DSP3,R58C81,#FFFF88
CIB_DSP,R58C82,#FF8888
MIB2_DSP4,R58C82,#FFFF88
MIB_DSP4,R58C82,#FFFF88
CIB_DSP,R58C83,#FF8888
MIB2_DSP5,R58C83,#FFFF88
MIB_DSP5,R58C83,#FFFF88
CIB_DSP,R58C84,#FF8888
MIB2_DSP6,R58C84,#FFFF88
MIB_DSP6,R58C84,#FFFF88
CIB_DSP,R58C85,#FF8888
MIB2_DSP7,R58C85,#FFFF88
MIB_DSP7,R58C85,#FFFF88
CIB_DSP,R58C86,#FF8888
MIB2_DSP8,R58C86,#FFFF88
MIB_DSP8,R58C86,#FFFF88
CIB_DSP,R58C87,#FF8888
MIB2_DSP0,R58C87,#FFFF88
MIB_DSP0,R58C87,#FFFF88
CIB_DSP,R58C88,#FF8888
MIB2_DSP1,R58C88,#FFFF88
MIB_DSP1,R58C88,#FFFF88
CIB_DSP,R58C89,#FF8888
MIB2_DSP2,R58C89,#FFFF88
MIB_DSP2,R58C89,#FFFF88
CIB_DSP,R58C90,#FF8888
MIB2_DSP3,R58C90,#FFFF88
MIB_DSP3,R58C90,#FFFF88
CIB_DSP,R58C91,#FF8888
MIB2_DSP4,R58C91,#FFFF88
MIB_DSP4,R58C91,#FFFF88
CIB_DSP,R58C92,#FF8888
MIB2_DSP5,R58C92,#FFFF88
MIB_DSP5,R58C92,#FFFF88
CIB_DSP,R58C93,#FF8888
MIB2_DSP6,R58C93,#FFFF88
MIB_DSP6,R58C93,#FFFF88
CIB_DSP,R58C94,#FF8888
MIB2_DSP7,R58C94,#FFFF88
MIB_DSP7,R58C94,#FFFF88
CIB_DSP,R58C95,#FF8888
MIB2_DSP8,R58C95,#FFFF88
MIB_DSP8,R58C95,#FFFF88
CIB_DSP,R58C96,#FF8888
MIB2_DSP0,R58C96,#FFFF88
MIB_DSP0,R58C96,#FFFF88
DUMMY_TILE_E,R58C96,#FFFFFF
DUMMY_TILE_F,R58C96,#FFFFFF
TAP_DRIVE_CIB,R58C96,#DDDDDD
CIB_DSP,R58C97,#FF8888
MIB2_DSP1,R58C97,#FFFF88
MIB_DSP1,R58C97,#FFFF88
CIB_DSP,R58C98,#FF8888
MIB2_DSP2,R58C98,#FFFF88
MIB_DSP2,R58C98,#FFFF88
CIB_DSP,R58C99,#FF8888
MIB2_DSP3,R58C99,#FFFF88
MIB_DSP3,R58C99,#FFFF88
CIB_DSP,R58C100,#FF8888
MIB2_DSP4,R58C100,#FFFF88
MIB_DSP4,R58C100,#FFFF88
CIB_DSP,R58C101,#FF8888
MIB2_DSP5,R58C101,#FFFF88
MIB_DSP5,R58C101,#FFFF88
CIB_DSP,R58C102,#FF8888
MIB2_DSP6,R58C102,#FFFF88
MIB_DSP6,R58C102,#FFFF88
CIB_DSP,R58C103,#FF8888
MIB2_DSP7,R58C103,#FFFF88
MIB_DSP7,R58C103,#FFFF88
CIB_DSP,R58C104,#FF8888
MIB2_DSP8,R58C104,#FFFF88
MIB_DSP8,R58C104,#FFFF88
CIB_DSP,R58C105,#FF8888
MIB2_DSP0,R58C105,#FFFF88
MIB_DSP0,R58C105,#FFFF88
CIB_DSP,R58C106,#FF8888
MIB2_DSP1,R58C106,#FFFF88
MIB_DSP1,R58C106,#FFFF88
CIB_DSP,R58C107,#FF8888
MIB2_DSP2,R58C107,#FFFF88
MIB_DSP2,R58C107,#FFFF88
CIB_DSP,R58C108,#FF8888
MIB2_DSP3,R58C108,#FFFF88
MIB_DSP3,R58C108,#FFFF88
CIB_DSP,R58C109,#FF8888
MIB2_DSP4,R58C109,#FFFF88
MIB_DSP4,R58C109,#FFFF88
CIB_DSP,R58C110,#FF8888
MIB2_DSP5,R58C110,#FFFF88
MIB_DSP5,R58C110,#FFFF88
CIB_DSP,R58C111,#FF8888
MIB2_DSP6,R58C111,#FFFF88
MIB_DSP6,R58C111,#FFFF88
CIB_DSP,R58C112,#FF8888
MIB2_DSP7,R58C112,#FFFF88
MIB_DSP7,R58C112,#FFFF88
CIB_DSP,R58C113,#FF8888
MIB2_DSP8,R58C113,#FFFF88
MIB_DSP8,R58C113,#FFFF88
CIB_DSP,R58C114,#FF8888
MIB2_DSP0,R58C114,#FFFF88
MIB_DSP0,R58C114,#FFFF88
DUMMY_TILE_E,R58C114,#FFFFFF
DUMMY_TILE_F,R58C114,#FFFFFF
TAP_DRIVE_CIB,R58C114,#DDDDDD
CIB_DSP,R58C115,#FF8888
MIB2_DSP1,R58C115,#FFFF88
MIB_DSP1,R58C115,#FFFF88
CIB_DSP,R58C116,#FF8888
MIB2_DSP2,R58C116,#FFFF88
MIB_DSP2,R58C116,#FFFF88
CIB_DSP,R58C117,#FF8888
MIB2_DSP3,R58C117,#FFFF88
MIB_DSP3,R58C117,#FFFF88
CIB_DSP,R58C118,#FF8888
MIB2_DSP4,R58C118,#FFFF88
MIB_DSP4,R58C118,#FFFF88
CIB_DSP,R58C119,#FF8888
MIB2_DSP5,R58C119,#FFFF88
MIB_DSP5,R58C119,#FFFF88
CIB_DSP,R58C120,#FF8888
MIB2_DSP6,R58C120,#FFFF88
MIB_DSP6,R58C120,#FFFF88
CIB_DSP,R58C121,#FF8888
MIB2_DSP7,R58C121,#FFFF88
MIB_DSP7,R58C121,#FFFF88
CIB_DSP,R58C122,#FF8888
MIB2_DSP8,R58C122,#FFFF88
MIB_DSP8,R58C122,#FFFF88
CIB_DSP,R58C123,#FF8888
DUMMY_TILE_6,R58C123,#FFFFFF
DUMMY_TILE_T,R58C123,#FFFFFF
CIB_DSP,R58C124,#FF8888
DUMMY_TILE_6,R58C124,#FFFFFF
DUMMY_TILE_T,R58C124,#FFFFFF
CIB_LR_S,R58C125,#FF8888
DUMMY_TILE_S,R58C125,#FFFFFF
DUMMY_TILE_T,R58C125,#FFFFFF
DUMMY_TILE_7,R58C126,#FFFFFF
MIB_CIB_LRC_A,R58C126,#888888
MIB_CIB_LR_A,R58C126,#888888
PICL0,R59C0,#88FFFF
CIB_LR,R59C1,#FF8888
TAP_DRIVE,R59C13,#DDDDDD
TAP_DRIVE,R59C31,#DDDDDD
TAP_DRIVE,R59C58,#DDDDDD
TAP_DRIVE,R59C78,#DDDDDD
TAP_DRIVE,R59C96,#DDDDDD
TAP_DRIVE,R59C114,#DDDDDD
CIB_LR,R59C125,#FF8888
PICR0,R59C126,#88FFFF
PICL1,R60C0,#88FFFF
CIB_LR,R60C1,#FF8888
TAP_DRIVE,R60C13,#DDDDDD
TAP_DRIVE,R60C31,#DDDDDD
TAP_DRIVE,R60C58,#DDDDDD
TAP_DRIVE,R60C78,#DDDDDD
TAP_DRIVE,R60C96,#DDDDDD
TAP_DRIVE,R60C114,#DDDDDD
CIB_LR,R60C125,#FF8888
PICR1,R60C126,#88FFFF
PICL2,R61C0,#88FFFF
CIB_LR,R61C1,#FF8888
TAP_DRIVE,R61C13,#DDDDDD
TAP_DRIVE,R61C31,#DDDDDD
TAP_DRIVE,R61C58,#DDDDDD
TAP_DRIVE,R61C78,#DDDDDD
TAP_DRIVE,R61C96,#DDDDDD
TAP_DRIVE,R61C114,#DDDDDD
CIB_LR,R61C125,#FF8888
PICR2,R61C126,#88FFFF
PICL0,R62C0,#88FFFF
CIB_LR,R62C1,#FF8888
TAP_DRIVE,R62C13,#DDDDDD
TAP_DRIVE,R62C31,#DDDDDD
TAP_DRIVE,R62C58,#DDDDDD
TAP_DRIVE,R62C78,#DDDDDD
TAP_DRIVE,R62C96,#DDDDDD
TAP_DRIVE,R62C114,#DDDDDD
CIB_LR,R62C125,#FF8888
PICR0,R62C126,#88FFFF
PICL1_DQS0,R63C0,#88FFFF
CIB_LR,R63C1,#FF8888
TAP_DRIVE,R63C13,#DDDDDD
TAP_DRIVE,R63C31,#DDDDDD
TAP_DRIVE,R63C58,#DDDDDD
TAP_DRIVE,R63C78,#DDDDDD
TAP_DRIVE,R63C96,#DDDDDD
TAP_DRIVE,R63C114,#DDDDDD
CIB_LR,R63C125,#FF8888
PICR1_DQS0,R63C126,#88FFFF
PICL2_DQS1,R64C0,#88FFFF
CIB_LR,R64C1,#FF8888
TAP_DRIVE,R64C13,#DDDDDD
TAP_DRIVE,R64C31,#DDDDDD
TAP_DRIVE,R64C58,#DDDDDD
TAP_DRIVE,R64C78,#DDDDDD
TAP_DRIVE,R64C96,#DDDDDD
TAP_DRIVE,R64C114,#DDDDDD
CIB_LR,R64C125,#FF8888
PICR2_DQS1,R64C126,#88FFFF
PICL0_DQS2,R65C0,#88FFFF
CIB_LR,R65C1,#FF8888
TAP_DRIVE,R65C13,#DDDDDD
TAP_DRIVE,R65C31,#DDDDDD
TAP_DRIVE,R65C58,#DDDDDD
TAP_DRIVE,R65C78,#DDDDDD
TAP_DRIVE,R65C96,#DDDDDD
TAP_DRIVE,R65C114,#DDDDDD
CIB_LR,R65C125,#FF8888
PICR0_DQS2,R65C126,#88FFFF
PICL1_DQS3,R66C0,#88FFFF
CIB_LR,R66C1,#FF8888
TAP_DRIVE,R66C13,#DDDDDD
TAP_DRIVE,R66C31,#DDDDDD
TAP_DRIVE,R66C58,#DDDDDD
TAP_DRIVE,R66C78,#DDDDDD
TAP_DRIVE,R66C96,#DDDDDD
TAP_DRIVE,R66C114,#DDDDDD
CIB_LR,R66C125,#FF8888
PICR1_DQS3,R66C126,#88FFFF
PICL2,R67C0,#88FFFF
CIB_LR,R67C1,#FF8888
TAP_DRIVE,R67C13,#DDDDDD
TAP_DRIVE,R67C31,#DDDDDD
TAP_DRIVE,R67C58,#DDDDDD
TAP_DRIVE,R67C78,#DDDDDD
TAP_DRIVE,R67C96,#DDDDDD
TAP_DRIVE,R67C114,#DDDDDD
CIB_LR,R67C125,#FF8888
PICR2,R67C126,#88FFFF
PICL0,R68C0,#88FFFF
CIB_LR,R68C1,#FF8888
TAP_DRIVE,R68C13,#DDDDDD
TAP_DRIVE,R68C31,#DDDDDD
TAP_DRIVE,R68C58,#DDDDDD
TAP_DRIVE,R68C78,#DDDDDD
TAP_DRIVE,R68C96,#DDDDDD
TAP_DRIVE,R68C114,#DDDDDD
CIB_LR,R68C125,#FF8888
PICR0,R68C126,#88FFFF
PICL1,R69C0,#88FFFF
CIB_LR,R69C1,#FF8888
TAP_DRIVE,R69C13,#DDDDDD
TAP_DRIVE,R69C31,#DDDDDD
TAP_DRIVE,R69C58,#DDDDDD
TAP_DRIVE,R69C78,#DDDDDD
TAP_DRIVE,R69C96,#DDDDDD
TAP_DRIVE,R69C114,#DDDDDD
CIB_LR,R69C125,#FF8888
PICR1,R69C126,#88FFFF
MIB_CIB_LR,R70C0,#888888
MIB_CIB_LRC,R70C0,#888888
CIB_LR_S,R70C1,#FF8888
DUMMY_TILE_S,R70C1,#FFFFFF
CIB_EBR,R70C2,#FF8888
DUMMY_TILE_6,R70C2,#FFFFFF
CIB_EBR,R70C3,#FF8888
DUMMY_TILE_6,R70C3,#FFFFFF
CIB_EBR,R70C4,#FF8888
MIB_EBR0,R70C4,#FF88FF
CIB_EBR,R70C5,#FF8888
MIB_EBR1,R70C5,#FF88FF
CIB_EBR,R70C6,#FF8888
MIB_EBR2,R70C6,#FF88FF
CIB_EBR,R70C7,#FF8888
MIB_EBR3,R70C7,#FF88FF
CIB_EBR,R70C8,#FF8888
MIB_EBR4,R70C8,#FF88FF
CIB_EBR,R70C9,#FF8888
MIB_EBR5,R70C9,#FF88FF
CIB_EBR,R70C10,#FF8888
MIB_EBR6,R70C10,#FF88FF
CIB_EBR,R70C11,#FF8888
MIB_EBR7,R70C11,#FF88FF
CIB_EBR,R70C12,#FF8888
EBR_SPINE_LL2,R70C12,#FF88FF
CIB_EBR,R70C13,#FF8888
MIB_EBR0,R70C13,#FF88FF
DUMMY_TILE_E,R70C13,#FFFFFF
TAP_DRIVE_CIB,R70C13,#DDDDDD
CIB_EBR,R70C14,#FF8888
MIB_EBR1,R70C14,#FF88FF
CIB_EBR,R70C15,#FF8888
MIB_EBR2,R70C15,#FF88FF
CIB_EBR,R70C16,#FF8888
MIB_EBR3,R70C16,#FF88FF
CIB_EBR,R70C17,#FF8888
MIB_EBR4,R70C17,#FF88FF
CIB_EBR,R70C18,#FF8888
MIB_EBR5,R70C18,#FF88FF
CIB_EBR,R70C19,#FF8888
MIB_EBR6,R70C19,#FF88FF
CIB_EBR,R70C20,#FF8888
MIB_EBR7,R70C20,#FF88FF
CIB_EBR,R70C21,#FF8888
MIB_EBR8,R70C21,#FF88FF
CIB_EBR,R70C22,#FF8888
MIB_EBR0,R70C22,#FF88FF
CIB_EBR,R70C23,#FF8888
MIB_EBR1,R70C23,#FF88FF
CIB_EBR,R70C24,#FF8888
MIB_EBR2,R70C24,#FF88FF
CIB_EBR,R70C25,#FF8888
MIB_EBR3,R70C25,#FF88FF
CIB_EBR,R70C26,#FF8888
MIB_EBR4,R70C26,#FF88FF
CIB_EBR,R70C27,#FF8888
MIB_EBR5,R70C27,#FF88FF
CIB_EBR,R70C28,#FF8888
MIB_EBR6,R70C28,#FF88FF
CIB_EBR,R70C29,#FF8888
MIB_EBR7,R70C29,#FF88FF
CIB_EBR,R70C30,#FF8888
EBR_SPINE_LL1,R70C30,#FF88FF
CIB_EBR,R70C31,#FF8888
MIB_EBR0,R70C31,#FF88FF
DUMMY_TILE_E,R70C31,#FFFFFF
TAP_DRIVE_CIB,R70C31,#DDDDDD
CIB_EBR,R70C32,#FF8888
MIB_EBR1,R70C32,#FF88FF
CIB_EBR,R70C33,#FF8888
MIB_EBR2,R70C33,#FF88FF
CIB_EBR,R70C34,#FF8888
MIB_EBR3,R70C34,#FF88FF
CIB_EBR,R70C35,#FF8888
MIB_EBR4,R70C35,#FF88FF
CIB_EBR,R70C36,#FF8888
MIB_EBR5,R70C36,#FF88FF
CIB_EBR,R70C37,#FF8888
MIB_EBR6,R70C37,#FF88FF
CIB_EBR,R70C38,#FF8888
MIB_EBR7,R70C38,#FF88FF
CIB_EBR,R70C39,#FF8888
MIB_EBR8,R70C39,#FF88FF
CIB_EBR,R70C40,#FF8888
MIB_EBR0,R70C40,#FF88FF
CIB_EBR,R70C41,#FF8888
MIB_EBR1,R70C41,#FF88FF
CIB_EBR,R70C42,#FF8888
MIB_EBR2,R70C42,#FF88FF
CIB_EBR,R70C43,#FF8888
MIB_EBR3,R70C43,#FF88FF
CIB_EBR,R70C44,#FF8888
MIB_EBR4,R70C44,#FF88FF
CIB_EBR,R70C45,#FF8888
MIB_EBR5,R70C45,#FF88FF
CIB_EBR,R70C46,#FF8888
MIB_EBR6,R70C46,#FF88FF
CIB_EBR,R70C47,#FF8888
MIB_EBR7,R70C47,#FF88FF
CIB_EBR,R70C48,#FF8888
MIB_EBR8,R70C48,#FF88FF
CIB_EBR,R70C49,#FF8888
MIB_EBR0,R70C49,#FF88FF
CIB_EBR,R70C50,#FF8888
MIB_EBR1,R70C50,#FF88FF
CIB_EBR,R70C51,#FF8888
MIB_EBR2,R70C51,#FF88FF
CIB_EBR,R70C52,#FF8888
MIB_EBR3,R70C52,#FF88FF
CIB_EBR,R70C53,#FF8888
MIB_EBR4,R70C53,#FF88FF
CIB_EBR,R70C54,#FF8888
MIB_EBR5,R70C54,#FF88FF
CIB_EBR,R70C55,#FF8888
MIB_EBR6,R70C55,#FF88FF
CIB_EBR,R70C56,#FF8888
MIB_EBR7,R70C56,#FF88FF
CIB_EBR,R70C57,#FF8888
EBR_SPINE_LL0,R70C57,#FF88FF
CIB_EBR,R70C58,#FF8888
MIB_EBR0,R70C58,#FF88FF
DUMMY_TILE_E,R70C58,#FFFFFF
TAP_DRIVE_CIB,R70C58,#DDDDDD
CIB_EBR,R70C59,#FF8888
MIB_EBR1,R70C59,#FF88FF
CIB_EBR,R70C60,#FF8888
MIB_EBR2,R70C60,#FF88FF
CIB_EBR,R70C61,#FF8888
MIB_EBR3,R70C61,#FF88FF
CIB_EBR,R70C62,#FF8888
MIB_EBR4,R70C62,#FF88FF
CIB_EBR,R70C63,#FF8888
MIB_EBR5,R70C63,#FF88FF
CIB_EBR,R70C64,#FF8888
MIB_EBR6,R70C64,#FF88FF
CIB_EBR,R70C65,#FF8888
MIB_EBR7,R70C65,#FF88FF
CIB_EBR,R70C66,#FF8888
EBR_CMUX_LL,R70C66,#888888
CIB_EBR,R70C67,#FF8888
CMUX_LL_0,R70C67,#888888
CIB_EBR,R70C68,#FF8888
CMUX_LR_0,R70C68,#888888
CIB_EBR,R70C69,#FF8888
EBR_CMUX_LR,R70C69,#888888
CIB_EBR,R70C70,#FF8888
MIB_EBR1,R70C70,#FF88FF
CIB_EBR,R70C71,#FF8888
MIB_EBR2,R70C71,#FF88FF
CIB_EBR,R70C72,#FF8888
MIB_EBR3,R70C72,#FF88FF
CIB_EBR,R70C73,#FF8888
MIB_EBR4,R70C73,#FF88FF
CIB_EBR,R70C74,#FF8888
MIB_EBR5,R70C74,#FF88FF
CIB_EBR,R70C75,#FF8888
MIB_EBR6,R70C75,#FF88FF
CIB_EBR,R70C76,#FF8888
MIB_EBR7,R70C76,#FF88FF
CIB_EBR,R70C77,#FF8888
EBR_SPINE_LR0,R70C77,#FF88FF
CIB_EBR,R70C78,#FF8888
MIB_EBR0,R70C78,#FF88FF
DUMMY_TILE_E,R70C78,#FFFFFF
TAP_DRIVE_CIB,R70C78,#DDDDDD
CIB_EBR,R70C79,#FF8888
MIB_EBR1,R70C79,#FF88FF
CIB_EBR,R70C80,#FF8888
MIB_EBR2,R70C80,#FF88FF
CIB_EBR,R70C81,#FF8888
MIB_EBR3,R70C81,#FF88FF
CIB_EBR,R70C82,#FF8888
MIB_EBR4,R70C82,#FF88FF
CIB_EBR,R70C83,#FF8888
MIB_EBR5,R70C83,#FF88FF
CIB_EBR,R70C84,#FF8888
MIB_EBR6,R70C84,#FF88FF
CIB_EBR,R70C85,#FF8888
MIB_EBR7,R70C85,#FF88FF
CIB_EBR,R70C86,#FF8888
MIB_EBR8,R70C86,#FF88FF
CIB_EBR,R70C87,#FF8888
MIB_EBR0,R70C87,#FF88FF
CIB_EBR,R70C88,#FF8888
MIB_EBR1,R70C88,#FF88FF
CIB_EBR,R70C89,#FF8888
MIB_EBR2,R70C89,#FF88FF
CIB_EBR,R70C90,#FF8888
MIB_EBR3,R70C90,#FF88FF
CIB_EBR,R70C91,#FF8888
MIB_EBR4,R70C91,#FF88FF
CIB_EBR,R70C92,#FF8888
MIB_EBR5,R70C92,#FF88FF
CIB_EBR,R70C93,#FF8888
MIB_EBR6,R70C93,#FF88FF
CIB_EBR,R70C94,#FF8888
MIB_EBR7,R70C94,#FF88FF
CIB_EBR,R70C95,#FF8888
EBR_SPINE_LR1,R70C95,#FF88FF
CIB_EBR,R70C96,#FF8888
MIB_EBR0,R70C96,#FF88FF
DUMMY_TILE_E,R70C96,#FFFFFF
TAP_DRIVE_CIB,R70C96,#DDDDDD
CIB_EBR,R70C97,#FF8888
MIB_EBR1,R70C97,#FF88FF
CIB_EBR,R70C98,#FF8888
MIB_EBR2,R70C98,#FF88FF
CIB_EBR,R70C99,#FF8888
MIB_EBR3,R70C99,#FF88FF
CIB_EBR,R70C100,#FF8888
MIB_EBR4,R70C100,#FF88FF
CIB_EBR,R70C101,#FF8888
MIB_EBR5,R70C101,#FF88FF
CIB_EBR,R70C102,#FF8888
MIB_EBR6,R70C102,#FF88FF
CIB_EBR,R70C103,#FF8888
MIB_EBR7,R70C103,#FF88FF
CIB_EBR,R70C104,#FF8888
MIB_EBR8,R70C104,#FF88FF
CIB_EBR,R70C105,#FF8888
MIB_EBR0,R70C105,#FF88FF
CIB_EBR,R70C106,#FF8888
MIB_EBR1,R70C106,#FF88FF
CIB_EBR,R70C107,#FF8888
MIB_EBR2,R70C107,#FF88FF
CIB_EBR,R70C108,#FF8888
MIB_EBR3,R70C108,#FF88FF
CIB_EBR,R70C109,#FF8888
MIB_EBR4,R70C109,#FF88FF
CIB_EBR,R70C110,#FF8888
MIB_EBR5,R70C110,#FF88FF
CIB_EBR,R70C111,#FF8888
MIB_EBR6,R70C111,#FF88FF
CIB_EBR,R70C112,#FF8888
MIB_EBR7,R70C112,#FF88FF
CIB_EBR,R70C113,#FF8888
EBR_SPINE_LR2,R70C113,#FF88FF
CIB_EBR,R70C114,#FF8888
MIB_EBR0,R70C114,#FF88FF
DUMMY_TILE_E,R70C114,#FFFFFF
TAP_DRIVE_CIB,R70C114,#DDDDDD
CIB_EBR,R70C115,#FF8888
MIB_EBR1,R70C115,#FF88FF
CIB_EBR,R70C116,#FF8888
MIB_EBR2,R70C116,#FF88FF
CIB_EBR,R70C117,#FF8888
MIB_EBR3,R70C117,#FF88FF
CIB_EBR,R70C118,#FF8888
MIB_EBR4,R70C118,#FF88FF
CIB_EBR,R70C119,#FF8888
MIB_EBR5,R70C119,#FF88FF
CIB_EBR,R70C120,#FF8888
MIB_EBR6,R70C120,#FF88FF
CIB_EBR,R70C121,#FF8888
MIB_EBR7,R70C121,#FF88FF
CIB_EBR,R70C122,#FF8888
MIB_EBR8,R70C122,#FF88FF
CIB_EBR,R70C123,#FF8888
DUMMY_TILE_6,R70C123,#FFFFFF
CIB_EBR,R70C124,#FF8888
DUMMY_TILE_6,R70C124,#FFFFFF
CIB_LR_S,R70C125,#FF8888
DUMMY_TILE_S,R70C125,#FFFFFF
MIB_CIB_LRC_A,R70C126,#888888
MIB_CIB_LR_A,R70C126,#888888
PICL0,R71C0,#88FFFF
CIB_LR,R71C1,#FF8888
TAP_DRIVE,R71C13,#DDDDDD
TAP_DRIVE,R71C31,#DDDDDD
TAP_DRIVE,R71C58,#DDDDDD
TAP_DRIVE,R71C78,#DDDDDD
TAP_DRIVE,R71C96,#DDDDDD
TAP_DRIVE,R71C114,#DDDDDD
CIB_LR,R71C125,#FF8888
PICR0,R71C126,#88FFFF
PICL1,R72C0,#88FFFF
CIB_LR,R72C1,#FF8888
TAP_DRIVE,R72C13,#DDDDDD
TAP_DRIVE,R72C31,#DDDDDD
TAP_DRIVE,R72C58,#DDDDDD
TAP_DRIVE,R72C78,#DDDDDD
TAP_DRIVE,R72C96,#DDDDDD
TAP_DRIVE,R72C114,#DDDDDD
CIB_LR,R72C125,#FF8888
PICR1,R72C126,#88FFFF
PICL2,R73C0,#88FFFF
CIB_LR,R73C1,#FF8888
TAP_DRIVE,R73C13,#DDDDDD
TAP_DRIVE,R73C31,#DDDDDD
TAP_DRIVE,R73C58,#DDDDDD
TAP_DRIVE,R73C78,#DDDDDD
TAP_DRIVE,R73C96,#DDDDDD
TAP_DRIVE,R73C114,#DDDDDD
CIB_LR,R73C125,#FF8888
PICR2,R73C126,#88FFFF
PICL0,R74C0,#88FFFF
CIB_LR,R74C1,#FF8888
TAP_DRIVE,R74C13,#DDDDDD
TAP_DRIVE,R74C31,#DDDDDD
TAP_DRIVE,R74C58,#DDDDDD
TAP_DRIVE,R74C78,#DDDDDD
TAP_DRIVE,R74C96,#DDDDDD
TAP_DRIVE,R74C114,#DDDDDD
CIB_LR,R74C125,#FF8888
PICR0,R74C126,#88FFFF
PICL1_DQS0,R75C0,#88FFFF
CIB_LR,R75C1,#FF8888
TAP_DRIVE,R75C13,#DDDDDD
TAP_DRIVE,R75C31,#DDDDDD
TAP_DRIVE,R75C58,#DDDDDD
TAP_DRIVE,R75C78,#DDDDDD
TAP_DRIVE,R75C96,#DDDDDD
TAP_DRIVE,R75C114,#DDDDDD
CIB_LR,R75C125,#FF8888
PICR1_DQS0,R75C126,#88FFFF
PICL2_DQS1,R76C0,#88FFFF
CIB_LR,R76C1,#FF8888
TAP_DRIVE,R76C13,#DDDDDD
TAP_DRIVE,R76C31,#DDDDDD
TAP_DRIVE,R76C58,#DDDDDD
TAP_DRIVE,R76C78,#DDDDDD
TAP_DRIVE,R76C96,#DDDDDD
TAP_DRIVE,R76C114,#DDDDDD
CIB_LR,R76C125,#FF8888
PICR2_DQS1,R76C126,#88FFFF
PICL0_DQS2,R77C0,#88FFFF
CIB_LR,R77C1,#FF8888
TAP_DRIVE,R77C13,#DDDDDD
TAP_DRIVE,R77C31,#DDDDDD
TAP_DRIVE,R77C58,#DDDDDD
TAP_DRIVE,R77C78,#DDDDDD
TAP_DRIVE,R77C96,#DDDDDD
TAP_DRIVE,R77C114,#DDDDDD
CIB_LR,R77C125,#FF8888
PICR0_DQS2,R77C126,#88FFFF
PICL1_DQS3,R78C0,#88FFFF
CIB_LR,R78C1,#FF8888
TAP_DRIVE,R78C13,#DDDDDD
TAP_DRIVE,R78C31,#DDDDDD
TAP_DRIVE,R78C58,#DDDDDD
TAP_DRIVE,R78C78,#DDDDDD
TAP_DRIVE,R78C96,#DDDDDD
TAP_DRIVE,R78C114,#DDDDDD
CIB_LR,R78C125,#FF8888
PICR1_DQS3,R78C126,#88FFFF
PICL2,R79C0,#88FFFF
CIB_LR,R79C1,#FF8888
TAP_DRIVE,R79C13,#DDDDDD
TAP_DRIVE,R79C31,#DDDDDD
TAP_DRIVE,R79C58,#DDDDDD
TAP_DRIVE,R79C78,#DDDDDD
TAP_DRIVE,R79C96,#DDDDDD
TAP_DRIVE,R79C114,#DDDDDD
CIB_LR,R79C125,#FF8888
PICR2,R79C126,#88FFFF
PICL0,R80C0,#88FFFF
CIB_LR,R80C1,#FF8888
TAP_DRIVE,R80C13,#DDDDDD
TAP_DRIVE,R80C31,#DDDDDD
TAP_DRIVE,R80C58,#DDDDDD
TAP_DRIVE,R80C78,#DDDDDD
TAP_DRIVE,R80C96,#DDDDDD
TAP_DRIVE,R80C114,#DDDDDD
CIB_LR,R80C125,#FF8888
PICR0,R80C126,#88FFFF
PICL1,R81C0,#88FFFF
CIB_LR,R81C1,#FF8888
TAP_DRIVE,R81C13,#DDDDDD
TAP_DRIVE,R81C31,#DDDDDD
TAP_DRIVE,R81C58,#DDDDDD
TAP_DRIVE,R81C78,#DDDDDD
TAP_DRIVE,R81C96,#DDDDDD
TAP_DRIVE,R81C114,#DDDDDD
CIB_LR,R81C125,#FF8888
PICR1,R81C126,#88FFFF
MIB_CIB_LR,R82C0,#888888
MIB_CIB_LRC,R82C0,#888888
CIB_LR_S,R82C1,#FF8888
DUMMY_TILE_S,R82C1,#FFFFFF
CIB_EBR,R82C2,#FF8888
DDRDLL_LL,R82C2,#888888
CIB_EBR,R82C3,#FF8888
DUMMY_TILE_6,R82C3,#FFFFFF
CIB_EBR,R82C4,#FF8888
MIB_EBR0,R82C4,#FF88FF
CIB_EBR,R82C5,#FF8888
MIB_EBR1,R82C5,#FF88FF
CIB_EBR,R82C6,#FF8888
MIB_EBR2,R82C6,#FF88FF
CIB_EBR,R82C7,#FF8888
MIB_EBR3,R82C7,#FF88FF
CIB_EBR,R82C8,#FF8888
MIB_EBR4,R82C8,#FF88FF
CIB_EBR,R82C9,#FF8888
MIB_EBR5,R82C9,#FF88FF
CIB_EBR,R82C10,#FF8888
MIB_EBR6,R82C10,#FF88FF
CIB_EBR,R82C11,#FF8888
MIB_EBR7,R82C11,#FF88FF
CIB_EBR,R82C12,#FF8888
MIB_EBR8,R82C12,#FF88FF
CIB_EBR,R82C13,#FF8888
MIB_EBR0,R82C13,#FF88FF
DUMMY_TILE_E,R82C13,#FFFFFF
TAP_DRIVE_CIB,R82C13,#DDDDDD
CIB_EBR,R82C14,#FF8888
MIB_EBR1,R82C14,#FF88FF
CIB_EBR,R82C15,#FF8888
MIB_EBR2,R82C15,#FF88FF
CIB_EBR,R82C16,#FF8888
MIB_EBR3,R82C16,#FF88FF
CIB_EBR,R82C17,#FF8888
MIB_EBR4,R82C17,#FF88FF
CIB_EBR,R82C18,#FF8888
MIB_EBR5,R82C18,#FF88FF
CIB_EBR,R82C19,#FF8888
MIB_EBR6,R82C19,#FF88FF
CIB_EBR,R82C20,#FF8888
MIB_EBR7,R82C20,#FF88FF
CIB_EBR,R82C21,#FF8888
MIB_EBR8,R82C21,#FF88FF
CIB_EBR,R82C22,#FF8888
MIB_EBR0,R82C22,#FF88FF
CIB_EBR,R82C23,#FF8888
MIB_EBR1,R82C23,#FF88FF
CIB_EBR,R82C24,#FF8888
MIB_EBR2,R82C24,#FF88FF
CIB_EBR,R82C25,#FF8888
MIB_EBR3,R82C25,#FF88FF
CIB_EBR,R82C26,#FF8888
MIB_EBR4,R82C26,#FF88FF
CIB_EBR,R82C27,#FF8888
MIB_EBR5,R82C27,#FF88FF
CIB_EBR,R82C28,#FF8888
MIB_EBR6,R82C28,#FF88FF
CIB_EBR,R82C29,#FF8888
MIB_EBR7,R82C29,#FF88FF
CIB_EBR,R82C30,#FF8888
MIB_EBR8,R82C30,#FF88FF
CIB_EBR,R82C31,#FF8888
MIB_EBR0,R82C31,#FF88FF
DUMMY_TILE_E,R82C31,#FFFFFF
TAP_DRIVE_CIB,R82C31,#DDDDDD
CIB_EBR,R82C32,#FF8888
MIB_EBR1,R82C32,#FF88FF
CIB_EBR,R82C33,#FF8888
MIB_EBR2,R82C33,#FF88FF
CIB_EBR,R82C34,#FF8888
MIB_EBR3,R82C34,#FF88FF
CIB_EBR,R82C35,#FF8888
MIB_EBR4,R82C35,#FF88FF
CIB_EBR,R82C36,#FF8888
MIB_EBR5,R82C36,#FF88FF
CIB_EBR,R82C37,#FF8888
MIB_EBR6,R82C37,#FF88FF
CIB_EBR,R82C38,#FF8888
MIB_EBR7,R82C38,#FF88FF
CIB_EBR,R82C39,#FF8888
MIB_EBR8,R82C39,#FF88FF
CIB_EBR,R82C40,#FF8888
MIB_EBR0,R82C40,#FF88FF
CIB_EBR,R82C41,#FF8888
MIB_EBR1,R82C41,#FF88FF
CIB_EBR,R82C42,#FF8888
MIB_EBR2,R82C42,#FF88FF
CIB_EBR,R82C43,#FF8888
MIB_EBR3,R82C43,#FF88FF
CIB_EBR,R82C44,#FF8888
MIB_EBR4,R82C44,#FF88FF
CIB_EBR,R82C45,#FF8888
MIB_EBR5,R82C45,#FF88FF
CIB_EBR,R82C46,#FF8888
MIB_EBR6,R82C46,#FF88FF
CIB_EBR,R82C47,#FF8888
MIB_EBR7,R82C47,#FF88FF
CIB_EBR,R82C48,#FF8888
MIB_EBR8,R82C48,#FF88FF
CIB_EBR,R82C49,#FF8888
MIB_EBR0,R82C49,#FF88FF
CIB_EBR,R82C50,#FF8888
MIB_EBR1,R82C50,#FF88FF
CIB_EBR,R82C51,#FF8888
MIB_EBR2,R82C51,#FF88FF
CIB_EBR,R82C52,#FF8888
MIB_EBR3,R82C52,#FF88FF
CIB_EBR,R82C53,#FF8888
MIB_EBR4,R82C53,#FF88FF
CIB_EBR,R82C54,#FF8888
MIB_EBR5,R82C54,#FF88FF
CIB_EBR,R82C55,#FF8888
MIB_EBR6,R82C55,#FF88FF
CIB_EBR,R82C56,#FF8888
MIB_EBR7,R82C56,#FF88FF
CIB_EBR,R82C57,#FF8888
MIB_EBR8,R82C57,#FF88FF
CIB_EBR,R82C58,#FF8888
MIB_EBR0,R82C58,#FF88FF
DUMMY_TILE_E,R82C58,#FFFFFF
TAP_DRIVE_CIB,R82C58,#DDDDDD
CIB_EBR,R82C59,#FF8888
MIB_EBR1,R82C59,#FF88FF
CIB_EBR,R82C60,#FF8888
MIB_EBR2,R82C60,#FF88FF
CIB_EBR,R82C61,#FF8888
MIB_EBR3,R82C61,#FF88FF
CIB_EBR,R82C62,#FF8888
MIB_EBR4,R82C62,#FF88FF
CIB_EBR,R82C63,#FF8888
MIB_EBR5,R82C63,#FF88FF
CIB_EBR,R82C64,#FF8888
MIB_EBR6,R82C64,#FF88FF
CIB_EBR,R82C65,#FF8888
MIB_EBR7,R82C65,#FF88FF
CIB_EBR,R82C66,#FF8888
MIB_EBR8,R82C66,#FF88FF
CIB_EBR,R82C67,#FF8888
DUMMY_TILE_6,R82C67,#FFFFFF
CIB_EBR,R82C68,#FF8888
DUMMY_TILE_6,R82C68,#FFFFFF
CIB_EBR,R82C69,#FF8888
MIB_EBR0,R82C69,#FF88FF
CIB_EBR,R82C70,#FF8888
MIB_EBR1,R82C70,#FF88FF
CIB_EBR,R82C71,#FF8888
MIB_EBR2,R82C71,#FF88FF
CIB_EBR,R82C72,#FF8888
MIB_EBR3,R82C72,#FF88FF
CIB_EBR,R82C73,#FF8888
MIB_EBR4,R82C73,#FF88FF
CIB_EBR,R82C74,#FF8888
MIB_EBR5,R82C74,#FF88FF
CIB_EBR,R82C75,#FF8888
MIB_EBR6,R82C75,#FF88FF
CIB_EBR,R82C76,#FF8888
MIB_EBR7,R82C76,#FF88FF
CIB_EBR,R82C77,#FF8888
MIB_EBR8,R82C77,#FF88FF
CIB_EBR,R82C78,#FF8888
MIB_EBR0,R82C78,#FF88FF
DUMMY_TILE_E,R82C78,#FFFFFF
TAP_DRIVE_CIB,R82C78,#DDDDDD
CIB_EBR,R82C79,#FF8888
MIB_EBR1,R82C79,#FF88FF
CIB_EBR,R82C80,#FF8888
MIB_EBR2,R82C80,#FF88FF
CIB_EBR,R82C81,#FF8888
MIB_EBR3,R82C81,#FF88FF
CIB_EBR,R82C82,#FF8888
MIB_EBR4,R82C82,#FF88FF
CIB_EBR,R82C83,#FF8888
MIB_EBR5,R82C83,#FF88FF
CIB_EBR,R82C84,#FF8888
MIB_EBR6,R82C84,#FF88FF
CIB_EBR,R82C85,#FF8888
MIB_EBR7,R82C85,#FF88FF
CIB_EBR,R82C86,#FF8888
MIB_EBR8,R82C86,#FF88FF
CIB_EBR,R82C87,#FF8888
MIB_EBR0,R82C87,#FF88FF
CIB_EBR,R82C88,#FF8888
MIB_EBR1,R82C88,#FF88FF
CIB_EBR,R82C89,#FF8888
MIB_EBR2,R82C89,#FF88FF
CIB_EBR,R82C90,#FF8888
MIB_EBR3,R82C90,#FF88FF
CIB_EBR,R82C91,#FF8888
MIB_EBR4,R82C91,#FF88FF
CIB_EBR,R82C92,#FF8888
MIB_EBR5,R82C92,#FF88FF
CIB_EBR,R82C93,#FF8888
MIB_EBR6,R82C93,#FF88FF
CIB_EBR,R82C94,#FF8888
MIB_EBR7,R82C94,#FF88FF
CIB_EBR,R82C95,#FF8888
MIB_EBR8,R82C95,#FF88FF
CIB_EBR,R82C96,#FF8888
MIB_EBR0,R82C96,#FF88FF
DUMMY_TILE_E,R82C96,#FFFFFF
TAP_DRIVE_CIB,R82C96,#DDDDDD
CIB_EBR,R82C97,#FF8888
MIB_EBR1,R82C97,#FF88FF
CIB_EBR,R82C98,#FF8888
MIB_EBR2,R82C98,#FF88FF
CIB_EBR,R82C99,#FF8888
MIB_EBR3,R82C99,#FF88FF
CIB_EBR,R82C100,#FF8888
MIB_EBR4,R82C100,#FF88FF
CIB_EBR,R82C101,#FF8888
MIB_EBR5,R82C101,#FF88FF
CIB_EBR,R82C102,#FF8888
MIB_EBR6,R82C102,#FF88FF
CIB_EBR,R82C103,#FF8888
MIB_EBR7,R82C103,#FF88FF
CIB_EBR,R82C104,#FF8888
MIB_EBR8,R82C104,#FF88FF
CIB_EBR,R82C105,#FF8888
MIB_EBR0,R82C105,#FF88FF
CIB_EBR,R82C106,#FF8888
MIB_EBR1,R82C106,#FF88FF
CIB_EBR,R82C107,#FF8888
MIB_EBR2,R82C107,#FF88FF
CIB_EBR,R82C108,#FF8888
MIB_EBR3,R82C108,#FF88FF
CIB_EBR,R82C109,#FF8888
MIB_EBR4,R82C109,#FF88FF
CIB_EBR,R82C110,#FF8888
MIB_EBR5,R82C110,#FF88FF
CIB_EBR,R82C111,#FF8888
MIB_EBR6,R82C111,#FF88FF
CIB_EBR,R82C112,#FF8888
MIB_EBR7,R82C112,#FF88FF
CIB_EBR,R82C113,#FF8888
MIB_EBR8,R82C113,#FF88FF
CIB_EBR,R82C114,#FF8888
MIB_EBR0,R82C114,#FF88FF
DUMMY_TILE_E,R82C114,#FFFFFF
TAP_DRIVE_CIB,R82C114,#DDDDDD
CIB_EBR,R82C115,#FF8888
MIB_EBR1,R82C115,#FF88FF
CIB_EBR,R82C116,#FF8888
MIB_EBR2,R82C116,#FF88FF
CIB_EBR,R82C117,#FF8888
MIB_EBR3,R82C117,#FF88FF
CIB_EBR,R82C118,#FF8888
MIB_EBR4,R82C118,#FF88FF
CIB_EBR,R82C119,#FF8888
MIB_EBR5,R82C119,#FF88FF
CIB_EBR,R82C120,#FF8888
MIB_EBR6,R82C120,#FF88FF
CIB_EBR,R82C121,#FF8888
MIB_EBR7,R82C121,#FF88FF
CIB_EBR,R82C122,#FF8888
MIB_EBR8,R82C122,#FF88FF
CIB_EBR,R82C123,#FF8888
DUMMY_TILE_6,R82C123,#FFFFFF
CIB_EBR,R82C124,#FF8888
DDRDLL_LR,R82C124,#888888
CIB_LR_S,R82C125,#FF8888
DUMMY_TILE_S,R82C125,#FFFFFF
MIB_CIB_LRC_A,R82C126,#888888
MIB_CIB_LR_A,R82C126,#888888
PICL0,R83C0,#88FFFF
CIB_LR,R83C1,#FF8888
TAP_DRIVE,R83C13,#DDDDDD
TAP_DRIVE,R83C31,#DDDDDD
TAP_DRIVE,R83C58,#DDDDDD
TAP_DRIVE,R83C78,#DDDDDD
TAP_DRIVE,R83C96,#DDDDDD
TAP_DRIVE,R83C114,#DDDDDD
CIB_LR,R83C125,#FF8888
PICR0,R83C126,#88FFFF
PICL1,R84C0,#88FFFF
CIB_LR,R84C1,#FF8888
TAP_DRIVE,R84C13,#DDDDDD
TAP_DRIVE,R84C31,#DDDDDD
TAP_DRIVE,R84C58,#DDDDDD
TAP_DRIVE,R84C78,#DDDDDD
TAP_DRIVE,R84C96,#DDDDDD
TAP_DRIVE,R84C114,#DDDDDD
CIB_LR,R84C125,#FF8888
PICR1,R84C126,#88FFFF
PICL2,R85C0,#88FFFF
CIB_LR,R85C1,#FF8888
TAP_DRIVE,R85C13,#DDDDDD
TAP_DRIVE,R85C31,#DDDDDD
TAP_DRIVE,R85C58,#DDDDDD
TAP_DRIVE,R85C78,#DDDDDD
TAP_DRIVE,R85C96,#DDDDDD
TAP_DRIVE,R85C114,#DDDDDD
CIB_LR,R85C125,#FF8888
PICR2,R85C126,#88FFFF
PICL0,R86C0,#88FFFF
CIB_LR,R86C1,#FF8888
TAP_DRIVE,R86C13,#DDDDDD
TAP_DRIVE,R86C31,#DDDDDD
TAP_DRIVE,R86C58,#DDDDDD
TAP_DRIVE,R86C78,#DDDDDD
TAP_DRIVE,R86C96,#DDDDDD
TAP_DRIVE,R86C114,#DDDDDD
CIB_LR,R86C125,#FF8888
PICR0,R86C126,#88FFFF
PICL1_DQS0,R87C0,#88FFFF
CIB_LR,R87C1,#FF8888
TAP_DRIVE,R87C13,#DDDDDD
TAP_DRIVE,R87C31,#DDDDDD
TAP_DRIVE,R87C58,#DDDDDD
TAP_DRIVE,R87C78,#DDDDDD
TAP_DRIVE,R87C96,#DDDDDD
TAP_DRIVE,R87C114,#DDDDDD
CIB_LR,R87C125,#FF8888
PICR1_DQS0,R87C126,#88FFFF
PICL2_DQS1,R88C0,#88FFFF
CIB_LR,R88C1,#FF8888
TAP_DRIVE,R88C13,#DDDDDD
TAP_DRIVE,R88C31,#DDDDDD
TAP_DRIVE,R88C58,#DDDDDD
TAP_DRIVE,R88C78,#DDDDDD
TAP_DRIVE,R88C96,#DDDDDD
TAP_DRIVE,R88C114,#DDDDDD
CIB_LR,R88C125,#FF8888
PICR2_DQS1,R88C126,#88FFFF
PICL0_DQS2,R89C0,#88FFFF
CIB_LR,R89C1,#FF8888
TAP_DRIVE,R89C13,#DDDDDD
TAP_DRIVE,R89C31,#DDDDDD
TAP_DRIVE,R89C58,#DDDDDD
TAP_DRIVE,R89C78,#DDDDDD
TAP_DRIVE,R89C96,#DDDDDD
TAP_DRIVE,R89C114,#DDDDDD
CIB_LR,R89C125,#FF8888
PICR0_DQS2,R89C126,#88FFFF
PICL1_DQS3,R90C0,#88FFFF
CIB_LR,R90C1,#FF8888
TAP_DRIVE,R90C13,#DDDDDD
TAP_DRIVE,R90C31,#DDDDDD
TAP_DRIVE,R90C58,#DDDDDD
TAP_DRIVE,R90C78,#DDDDDD
TAP_DRIVE,R90C96,#DDDDDD
TAP_DRIVE,R90C114,#DDDDDD
CIB_LR,R90C125,#FF8888
PICR1_DQS3,R90C126,#88FFFF
PICL2,R91C0,#88FFFF
CIB_LR,R91C1,#FF8888
TAP_DRIVE,R91C13,#DDDDDD
TAP_DRIVE,R91C31,#DDDDDD
TAP_DRIVE,R91C58,#DDDDDD
TAP_DRIVE,R91C78,#DDDDDD
TAP_DRIVE,R91C96,#DDDDDD
TAP_DRIVE,R91C114,#DDDDDD
CIB_LR,R91C125,#FF8888
PICR2,R91C126,#88FFFF
PICL0,R92C0,#88FFFF
CIB_LR,R92C1,#FF8888
TAP_DRIVE,R92C13,#DDDDDD
TAP_DRIVE,R92C31,#DDDDDD
TAP_DRIVE,R92C58,#DDDDDD
TAP_DRIVE,R92C78,#DDDDDD
TAP_DRIVE,R92C96,#DDDDDD
TAP_DRIVE,R92C114,#DDDDDD
CIB_LR,R92C125,#FF8888
PICR0,R92C126,#88FFFF
PICL1,R93C0,#88FFFF
CIB_LR,R93C1,#FF8888
TAP_DRIVE,R93C13,#DDDDDD
TAP_DRIVE,R93C31,#DDDDDD
TAP_DRIVE,R93C58,#DDDDDD
TAP_DRIVE,R93C78,#DDDDDD
TAP_DRIVE,R93C96,#DDDDDD
TAP_DRIVE,R93C114,#DDDDDD
CIB_LR,R93C125,#FF8888
PICR1,R93C126,#88FFFF
MIB_CIB_LR,R94C0,#888888
CIB_LR_S,R94C1,#FF8888
CIB_PLL2,R94C2,#FF8888
CIB_PLL3,R94C3,#FF8888
CIB,R94C4,#FF8888
CIB,R94C5,#FF8888
CIB_EFB0,R94C6,#FF8888
CIB_EFB1,R94C7,#FF8888
CIB,R94C8,#FF8888
CIB,R94C9,#FF8888
CIB,R94C10,#FF8888
CIB,R94C11,#FF8888
CIB,R94C12,#FF8888
CIB,R94C13,#FF8888
TAP_DRIVE_CIB,R94C13,#DDDDDD
CIB,R94C14,#FF8888
CIB,R94C15,#FF8888
CIB,R94C16,#FF8888
CIB,R94C17,#FF8888
CIB,R94C18,#FF8888
CIB,R94C19,#FF8888
CIB,R94C20,#FF8888
CIB,R94C21,#FF8888
CIB,R94C22,#FF8888
CIB,R94C23,#FF8888
CIB,R94C24,#FF8888
CIB,R94C25,#FF8888
CIB,R94C26,#FF8888
CIB,R94C27,#FF8888
CIB,R94C28,#FF8888
CIB,R94C29,#FF8888
CIB,R94C30,#FF8888
CIB,R94C31,#FF8888
TAP_DRIVE_CIB,R94C31,#DDDDDD
CIB,R94C32,#FF8888
CIB,R94C33,#FF8888
CIB,R94C34,#FF8888
CIB,R94C35,#FF8888
CIB,R94C36,#FF8888
CIB,R94C37,#FF8888
CIB,R94C38,#FF8888
CIB,R94C39,#FF8888
CIB,R94C40,#FF8888
CIB,R94C41,#FF8888
CIB,R94C42,#FF8888
CIB,R94C43,#FF8888
CIB,R94C44,#FF8888
CIB,R94C45,#FF8888
CIB_DCU0,R94C46,#FF8888
CIB_DCUA,R94C47,#FF8888
CIB_DCUB,R94C48,#FF8888
CIB_DCUC,R94C49,#FF8888
CIB_DCUD,R94C50,#FF8888
CIB_DCUF,R94C51,#FF8888
CIB_DCU3,R94C52,#FF8888
CIB_DCU2,R94C53,#FF8888
CIB_DCUG,R94C54,#FF8888
CIB_DCUH,R94C55,#FF8888
CIB_DCUI,R94C56,#FF8888
CIB_DCU1,R94C57,#FF8888
CIB,R94C58,#FF8888
TAP_DRIVE_CIB,R94C58,#DDDDDD
CIB,R94C59,#FF8888
CIB,R94C60,#FF8888
CIB,R94C61,#FF8888
CIB,R94C62,#FF8888
CIB,R94C63,#FF8888
CIB,R94C64,#FF8888
CIB,R94C65,#FF8888
CIB,R94C66,#FF8888
CIB,R94C67,#FF8888
CIB,R94C68,#FF8888
CIB,R94C69,#FF8888
CIB,R94C70,#FF8888
CIB_DCU0,R94C71,#FF8888
CIB_DCUA,R94C72,#FF8888
CIB_DCUB,R94C73,#FF8888
CIB_DCUC,R94C74,#FF8888
CIB_DCUD,R94C75,#FF8888
CIB_DCUF,R94C76,#FF8888
CIB_DCU3,R94C77,#FF8888
CIB_DCU2,R94C78,#FF8888
TAP_DRIVE_CIB,R94C78,#DDDDDD
CIB_DCUG,R94C79,#FF8888
CIB_DCUH,R94C80,#FF8888
CIB_DCUI,R94C81,#FF8888
CIB_DCU1,R94C82,#FF8888
CIB,R94C83,#FF8888
CIB,R94C84,#FF8888
CIB,R94C85,#FF8888
CIB,R94C86,#FF8888
CIB,R94C87,#FF8888
CIB,R94C88,#FF8888
CIB,R94C89,#FF8888
CIB,R94C90,#FF8888
CIB,R94C91,#FF8888
CIB,R94C92,#FF8888
CIB,R94C93,#FF8888
CIB,R94C94,#FF8888
CIB,R94C95,#FF8888
CIB,R94C96,#FF8888
TAP_DRIVE_CIB,R94C96,#DDDDDD
CIB,R94C97,#FF8888
CIB,R94C98,#FF8888
CIB,R94C99,#FF8888
CIB,R94C100,#FF8888
CIB,R94C101,#FF8888
CIB,R94C102,#FF8888
CIB,R94C103,#FF8888
CIB,R94C104,#FF8888
CIB,R94C105,#FF8888
CIB,R94C106,#FF8888
CIB,R94C107,#FF8888
CIB,R94C108,#FF8888
CIB,R94C109,#FF8888
CIB,R94C110,#FF8888
CIB,R94C111,#FF8888
CIB,R94C112,#FF8888
CIB,R94C113,#FF8888
CIB,R94C114,#FF8888
TAP_DRIVE_CIB,R94C114,#DDDDDD
CIB,R94C115,#FF8888
CIB,R94C116,#FF8888
CIB,R94C117,#FF8888
CIB,R94C118,#FF8888
CIB,R94C119,#FF8888
CIB,R94C120,#FF8888
CIB,R94C121,#FF8888
CIB,R94C122,#FF8888
CIB_PLL3,R94C123,#FF8888
CIB_PLL2,R94C124,#FF8888
CIB_LR_S,R94C125,#FF8888
MIB_CIB_LR_A,R94C126,#888888
MIB_CIB_LX,R95C0,#888888
BANKREF6,R95C1,#888888
PLL0_LL,R95C2,#888888
BANKREF8,R95C3,#888888
EFB0_PICB0,R95C4,#888888
EFB1_PICB1,R95C5,#888888
EFB2_PICB0,R95C6,#888888
EFB3_PICB1,R95C7,#888888
DUMMY_TILE_T,R95C8,#FFFFFF
PICB0,R95C9,#88FFFF
PICB1,R95C10,#88FFFF
PICB0,R95C11,#88FFFF
PICB1,R95C12,#88FFFF
PICB0,R95C13,#88FFFF
DUMMY_TILE_F,R95C13,#FFFFFF
PICB1,R95C14,#88FFFF
PICB0,R95C15,#88FFFF
PICB1,R95C16,#88FFFF
DUMMY_TILE_T,R95C17,#FFFFFF
SPICB0,R95C18,#888888
DUMMY_TILE_T,R95C19,#FFFFFF
DUMMY_TILE_T,R95C20,#FFFFFF
DUMMY_TILE_T,R95C21,#FFFFFF
DTR,R95C22,#888888
DUMMY_TILE_T,R95C23,#FFFFFF
DUMMY_TILE_T,R95C24,#FFFFFF
POR,R95C25,#888888
OSC,R95C26,#888888
DUMMY_TILE_T,R95C27,#FFFFFF
DUMMY_TILE_T,R95C28,#FFFFFF
DUMMY_TILE_T,R95C29,#FFFFFF
DUMMY_TILE_T,R95C30,#FFFFFF
DUMMY_TILE_T,R95C31,#FFFFFF
DUMMY_TILE_F,R95C31,#FFFFFF
DUMMY_TILE_T,R95C32,#FFFFFF
DUMMY_TILE_T,R95C33,#FFFFFF
DUMMY_TILE_T,R95C34,#FFFFFF
DUMMY_TILE_T,R95C35,#FFFFFF
DUMMY_TILE_T,R95C36,#FFFFFF
DUMMY_TILE_T,R95C37,#FFFFFF
DUMMY_TILE_T,R95C38,#FFFFFF
DUMMY_TILE_T,R95C39,#FFFFFF
DUMMY_TILE_T,R95C40,#FFFFFF
DUMMY_TILE_T,R95C41,#FFFFFF
DUMMY_TILE_T,R95C42,#FFFFFF
DUMMY_TILE_T,R95C43,#FFFFFF
DUMMY_TILE_T,R95C44,#FFFFFF
DUMMY_TILE_T,R95C45,#FFFFFF
DCU0,R95C46,#888888
DCU1,R95C47,#888888
DCU2,R95C48,#888888
DCU3,R95C49,#888888
DCU4,R95C50,#888888
DCU5,R95C51,#888888
DCU6,R95C52,#888888
DCU7,R95C53,#888888
DCU8,R95C54,#888888
DUMMY_TILE_T,R95C55,#FFFFFF
DUMMY_TILE_T,R95C56,#FFFFFF
DUMMY_TILE_T,R95C57,#FFFFFF
DUMMY_TILE_T,R95C58,#FFFFFF
DUMMY_TILE_F,R95C58,#FFFFFF
DUMMY_TILE_T,R95C59,#FFFFFF
DUMMY_TILE_T,R95C60,#FFFFFF
DUMMY_TILE_T,R95C61,#FFFFFF
DUMMY_TILE_T,R95C62,#FFFFFF
DUMMY_TILE_T,R95C63,#FFFFFF
DUMMY_TILE_T,R95C64,#FFFFFF
DUMMY_TILE_T,R95C65,#FFFFFF
DUMMY_TILE_T,R95C66,#FFFFFF
BMID_0H,R95C67,#888888
BMID_2,R95C68,#888888
DUMMY_TILE_T,R95C69,#FFFFFF
DUMMY_TILE_T,R95C70,#FFFFFF
DCU0,R95C71,#888888
DCU1,R95C72,#888888
DCU2,R95C73,#888888
DCU3,R95C74,#888888
DCU4,R95C75,#888888
DCU5,R95C76,#888888
DCU6,R95C77,#888888
DCU7,R95C78,#888888
DUMMY_TILE_F,R95C78,#FFFFFF
DCU8,R95C79,#888888
DUMMY_TILE_T,R95C80,#FFFFFF
DUMMY_TILE_T,R95C81,#FFFFFF
DUMMY_TILE_T,R95C82,#FFFFFF
DUMMY_TILE_T,R95C83,#FFFFFF
DUMMY_TILE_T,R95C84,#FFFFFF
DUMMY_TILE_T,R95C85,#FFFFFF
DUMMY_TILE_T,R95C86,#FFFFFF
DUMMY_TILE_T,R95C87,#FFFFFF
DUMMY_TILE_T,R95C88,#FFFFFF
DUMMY_TILE_T,R95C89,#FFFFFF
DUMMY_TILE_T,R95C90,#FFFFFF
DUMMY_TILE_T,R95C91,#FFFFFF
DUMMY_TILE_T,R95C92,#FFFFFF
DUMMY_TILE_T,R95C93,#FFFFFF
DUMMY_TILE_T,R95C94,#FFFFFF
DUMMY_TILE_T,R95C95,#FFFFFF
PICB0,R95C96,#88FFFF
DUMMY_TILE_F,R95C96,#FFFFFF
PICB1,R95C97,#88FFFF
PICB0,R95C98,#88FFFF
PICB1,R95C99,#88FFFF
DUMMY_TILE_T,R95C100,#FFFFFF
PICB0,R95C101,#88FFFF
PICB1,R95C102,#88FFFF
PICB0,R95C103,#88FFFF
PICB1,R95C104,#88FFFF
PICB0,R95C105,#88FFFF
PICB1,R95C106,#88FFFF
PICB0,R95C107,#88FFFF
PICB1,R95C108,#88FFFF
DUMMY_TILE_T,R95C109,#FFFFFF
PICB0,R95C110,#88FFFF
PICB1,R95C111,#88FFFF
PICB0,R95C112,#88FFFF
PICB1,R95C113,#88FFFF
PICB0,R95C114,#88FFFF
DUMMY_TILE_F,R95C114,#FFFFFF
PICB1,R95C115,#88FFFF
PICB0,R95C116,#88FFFF
PICB1,R95C117,#88FFFF
DUMMY_TILE_T,R95C118,#FFFFFF
PICB0,R95C119,#88FFFF
PICB1,R95C120,#88FFFF
PICB0,R95C121,#88FFFF
PICB1,R95C122,#88FFFF
BANKREF4,R95C123,#888888
PLL0_LR,R95C124,#888888
BANKREF3,R95C125,#888888
MIB_CIB_RX,R95C126,#888888
